station_code,station_name,record_time,temperature,humidity,dew_point,wind_gust,wind_speed,rainfall_current,rainfall_hour,rainfall_day,wind_direction,wind_degree,wind_description,mean_sea_level_pressure,station_pressure
DC,路環市區,2026-05-30T10:55:00,31.1,68.0,24.6,11.9,5.8,0.0,0.0,0.0,E,82.0,東,,
DP,紀念孫中山市政公園,2026-05-30T10:55:00,30.6,70.0,24.5,15.1,6.8,0.0,0.0,0.0,E,86.0,東,,
EM,黑沙環,2026-05-30T10:55:00,29.5,71.0,23.8,18.4,8.3,0.0,0.0,0.0,ENE,65.0,東北偏東,,
FM,大炮台,2026-05-30T10:55:00,30.4,67.0,23.5,18.4,11.2,0.0,0.0,0.0,E,93.0,東,,
JA,東亞運大馬路,2026-05-30T10:55:00,30.7,67.0,24.0,15.1,6.8,0.0,0.0,0.0,WNW,297.0,西北偏西,1011.8,1011.1
KV,九澳,2026-05-30T10:55:00,32.4,70.0,26.1,15.5,9.4,0.0,0.0,0.0,NE,46.0,東北,1012.0,1008.8
MM,媽閣,2026-05-30T10:55:00,30.3,68.0,23.8,18.0,9.4,0.0,0.0,0.0,ESE,109.0,東南偏東,1012.0,1010.2
MN,澳門大橋北,2026-05-30T10:55:00,,,,17.6,14.0,,,,ENE,69.0,東北偏東,,
MS,澳門大橋南,2026-05-30T10:55:00,,,,16.9,13.3,,,,ENE,60.0,東北偏東,,
PE,外港,2026-05-30T10:55:00,31.2,64.0,23.7,15.8,9.4,0.0,0.0,0.0,NE,58.0,東北,1011.7,1009.8
PG,嘉樂庇總督大橋,2026-05-30T10:55:00,,,,20.2,16.9,,,,E,84.0,東,,
PL,蓮花大橋,2026-05-30T10:55:00,,,,14.0,8.3,,,,ENE,76.0,東北偏東,,
PN,友誼大橋北,2026-05-30T10:55:00,,,,18.7,13.3,,,,E,81.0,東,,
PS,友誼大橋南,2026-05-30T10:55:00,,,,15.5,11.9,,,,ENE,79.0,東北偏東,,
PV,西灣大橋,2026-05-30T10:55:00,,,,20.9,17.6,,,,E,87.0,東,,
TG,大潭山,2026-05-30T10:55:00,32.0,70.0,25.9,12.6,6.5,0.0,0.0,0.0,NNE,28.0,東北偏北,1011.7,998.9
UM,澳門大學,2026-05-30T10:55:00,30.7,72.0,25.1,20.9,10.1,0.0,0.0,0.0,E,80.0,東,1011.6,1010.9
DC,路環市區,2026-05-30T14:20:00,31.4,63.0,23.6,14.0,7.6,0.0,0.0,0.0,ESE,113.0,東南偏東,,
DP,紀念孫中山市政公園,2026-05-30T14:20:00,30.4,69.0,24.1,15.8,6.5,0.0,0.0,0.0,ESE,114.0,東南偏東,,
EM,黑沙環,2026-05-30T14:20:00,30.5,69.0,24.1,17.3,11.2,0.0,0.0,0.0,SE,146.0,東南,,
FM,大炮台,2026-05-30T14:20:00,29.6,69.0,23.1,19.8,11.2,0.0,0.0,0.0,E,100.0,東,,
JA,東亞運大馬路,2026-05-30T14:20:00,30.4,70.0,24.3,18.4,11.5,0.0,0.0,0.0,SSE,155.0,東南偏南,1009.6,1008.9
KV,九澳,2026-05-30T14:20:00,30.8,67.0,23.9,18.0,11.2,0.0,0.0,0.0,ESE,107.0,東南偏東,1009.9,1006.6
MM,媽閣,2026-05-30T14:20:00,30.3,68.0,23.8,15.5,6.8,0.0,0.0,0.0,SE,126.0,東南,1009.8,1007.9
MN,澳門大橋北,2026-05-30T14:20:00,,,,18.0,14.4,,,,SE,134.0,東南,,
MS,澳門大橋南,2026-05-30T14:20:00,,,,20.5,16.2,,,,ESE,113.0,東南偏東,,
PE,外港,2026-05-30T14:20:00,31.1,66.0,24.1,16.9,13.3,0.0,0.0,0.0,SE,137.0,東南,1009.5,1007.6
PG,嘉樂庇總督大橋,2026-05-30T14:20:00,,,,19.8,16.6,,,,E,97.0,東,,
PL,蓮花大橋,2026-05-30T14:20:00,,,,21.2,15.8,,,,ESE,108.0,東南偏東,,
PN,友誼大橋北,2026-05-30T14:20:00,,,,17.3,13.7,,,,SE,131.0,東南,,
PS,友誼大橋南,2026-05-30T14:20:00,,,,18.4,15.8,,,,SE,125.0,東南,,
PV,西灣大橋,2026-05-30T14:20:00,,,,20.2,17.3,,,,E,89.0,東,,
TG,大潭山,2026-05-30T14:20:00,29.7,73.0,24.4,15.8,9.4,0.0,0.0,0.0,ESE,109.0,東南偏東,1009.5,996.7
UM,澳門大學,2026-05-30T14:20:00,30.8,70.0,24.8,19.4,11.5,0.0,0.0,0.0,SE,123.0,東南,1009.4,1008.8
DC,路環市區,2026-05-30T16:55:00,31.8,67.0,24.9,7.9,2.5,0.0,0.0,0.0,SSE,153.0,東南偏南,,
DP,紀念孫中山市政公園,2026-05-30T16:55:00,30.8,66.0,23.8,13.0,6.5,0.0,0.0,0.0,S,174.0,南,,
EM,黑沙環,2026-05-30T16:55:00,30.2,71.0,24.4,16.9,13.0,0.0,0.0,0.0,SE,125.0,東南,,
FM,大炮台,2026-05-30T16:55:00,30.4,68.0,23.8,14.8,7.6,0.0,0.0,0.0,ESE,110.0,東南偏東,,
JA,東亞運大馬路,2026-05-30T16:55:00,30.7,72.0,25.1,13.3,9.4,0.0,0.0,0.0,SSE,157.0,東南偏南,1008.2,1007.5
KV,九澳,2026-05-30T16:55:00,29.9,75.0,24.8,15.5,9.4,0.0,0.0,0.0,S,181.0,南,1008.4,1005.1
MM,媽閣,2026-05-30T16:55:00,31.0,66.0,24.0,12.6,8.3,0.0,0.0,0.0,SSW,194.0,西南偏南,1008.3,1006.5
MN,澳門大橋北,2026-05-30T16:55:00,,,,18.4,14.8,,,,SE,139.0,東南,,
MS,澳門大橋南,2026-05-30T16:55:00,,,,17.3,13.3,,,,SE,142.0,東南,,
PE,外港,2026-05-30T16:55:00,30.7,70.0,24.7,16.2,13.0,0.0,0.0,0.0,SE,128.0,東南,1008.0,1006.1
PG,嘉樂庇總督大橋,2026-05-30T16:55:00,,,,11.2,7.6,,,,ESE,112.0,東南偏東,,
PL,蓮花大橋,2026-05-30T16:55:00,,,,16.6,13.0,,,,S,163.0,南,,
PN,友誼大橋北,2026-05-30T16:55:00,,,,17.6,15.1,,,,SE,132.0,東南,,
PS,友誼大橋南,2026-05-30T16:55:00,,,,16.6,13.3,,,,SE,140.0,東南,,
PV,西灣大橋,2026-05-30T16:55:00,,,,13.0,9.0,,,,S,174.0,南,,
TG,大潭山,2026-05-30T16:55:00,29.4,76.0,24.7,16.6,9.4,0.0,0.0,0.0,SE,144.0,東南,1008.1,995.3
UM,澳門大學,2026-05-30T16:55:00,30.2,72.0,24.6,13.3,9.0,0.0,0.0,0.0,SSE,153.0,東南偏南,1008.0,1007.3
DC,路環市區,2026-05-30T18:45:00,30.2,73.0,24.7,9.7,2.9,0.0,0.0,0.0,SSW,192.0,西南偏南,,
DP,紀念孫中山市政公園,2026-05-30T18:45:00,30.5,70.0,24.4,10.4,5.0,0.0,0.0,0.0,WSW,252.0,西南偏西,,
EM,黑沙環,2026-05-30T18:45:00,30.6,71.0,24.8,10.8,6.1,0.0,0.0,0.0,SSE,151.0,東南偏南,,
FM,大炮台,2026-05-30T18:45:00,29.7,73.0,24.3,12.6,6.1,0.0,0.0,0.0,S,185.0,南,,
JA,東亞運大馬路,2026-05-30T18:45:00,29.5,77.0,25.1,13.7,7.2,0.0,0.0,0.0,SE,133.0,東南,1008.9,1008.3
KV,九澳,2026-05-30T18:45:00,28.7,80.0,25.0,15.8,10.1,0.0,0.0,0.0,SSW,198.0,西南偏南,1009.1,1005.9
MM,媽閣,2026-05-30T18:45:00,29.8,74.0,24.7,14.4,9.4,0.0,0.0,0.0,S,182.0,南,1009.1,1007.2
MN,澳門大橋北,2026-05-30T18:45:00,,,,15.1,12.6,,,,SSW,202.0,西南偏南,,
MS,澳門大橋南,2026-05-30T18:45:00,,,,16.9,12.6,,,,SSW,200.0,西南偏南,,
PE,外港,2026-05-30T18:45:00,30.1,73.0,24.8,20.5,14.8,0.0,0.0,0.0,S,176.0,南,1008.6,1006.7
PG,嘉樂庇總督大橋,2026-05-30T18:45:00,,,,13.3,10.8,,,,S,189.0,南,,
PL,蓮花大橋,2026-05-30T18:45:00,,,,20.2,18.0,,,,S,173.0,南,,
PN,友誼大橋北,2026-05-30T18:45:00,,,,15.5,13.3,,,,SSW,205.0,西南偏南,,
PS,友誼大橋南,2026-05-30T18:45:00,,,,17.3,13.3,,,,SSW,210.0,西南偏南,,
PV,西灣大橋,2026-05-30T18:45:00,,,,13.3,10.4,,,,S,183.0,南,,
TG,大潭山,2026-05-30T18:45:00,28.2,82.0,24.9,13.7,7.9,0.0,0.0,0.0,SW,215.0,西南,1008.9,996.1
UM,澳門大學,2026-05-30T18:45:00,29.2,77.0,24.9,16.2,9.4,0.0,0.0,0.0,S,183.0,南,1008.8,1008.1
DC,路環市區,2026-05-30T20:05:00,29.8,75.0,24.8,8.3,4.3,0.0,0.0,0.0,SSW,200.0,西南偏南,,
DP,紀念孫中山市政公園,2026-05-30T20:05:00,29.4,74.0,24.4,11.9,5.4,0.0,0.0,0.0,SW,234.0,西南,,
EM,黑沙環,2026-05-30T20:05:00,30.0,72.0,24.3,12.6,5.8,0.0,0.0,0.0,NNE,18.0,東北偏北,,
FM,大炮台,2026-05-30T20:05:00,29.3,73.0,24.0,13.7,6.8,0.0,0.0,0.0,SW,229.0,西南,,
JA,東亞運大馬路,2026-05-30T20:05:00,29.1,77.0,24.7,5.8,3.2,0.0,0.0,0.0,SW,231.0,西南,1009.1,1008.4
KV,九澳,2026-05-30T20:05:00,28.1,83.0,24.9,13.0,7.6,0.0,0.0,0.0,SSW,210.0,西南偏南,1009.3,1006.1
MM,媽閣,2026-05-30T20:05:00,29.4,73.0,24.1,14.4,7.9,0.0,0.0,0.0,SSW,207.0,西南偏南,1009.3,1007.5
MN,澳門大橋北,2026-05-30T20:05:00,,,,18.7,15.8,,,,WSW,246.0,西南偏西,,
MS,澳門大橋南,2026-05-30T20:05:00,,,,15.5,11.9,,,,SSW,201.0,西南偏南,,
PE,外港,2026-05-30T20:05:00,29.5,74.0,24.5,19.1,9.4,0.0,0.0,0.0,S,187.0,南,1009.0,1007.1
PG,嘉樂庇總督大橋,2026-05-30T20:05:00,,,,18.7,15.1,,,,WSW,252.0,西南偏西,,
PL,蓮花大橋,2026-05-30T20:05:00,,,,13.3,9.7,,,,SSW,204.0,西南偏南,,
PN,友誼大橋北,2026-05-30T20:05:00,,,,16.6,12.6,,,,SW,233.0,西南,,
PS,友誼大橋南,2026-05-30T20:05:00,,,,16.2,13.3,,,,WSW,256.0,西南偏西,,
PV,西灣大橋,2026-05-30T20:05:00,,,,21.2,16.2,,,,WSW,244.0,西南偏西,,
TG,大潭山,2026-05-30T20:05:00,27.9,82.0,24.7,16.2,8.3,0.0,0.0,0.0,SSW,208.0,西南偏南,1009.2,996.3
UM,澳門大學,2026-05-30T20:05:00,28.9,78.0,24.6,13.3,8.6,0.0,0.0,0.0,SSW,203.0,西南偏南,1008.9,1008.2
DC,路環市區,2026-05-30T22:15:00,29.3,79.0,25.2,7.9,2.5,0.0,0.0,0.0,SSW,201.0,西南偏南,,
DP,紀念孫中山市政公園,2026-05-30T22:15:00,29.3,77.0,24.9,9.7,5.4,0.0,0.0,0.0,SW,236.0,西南,,
EM,黑沙環,2026-05-30T22:15:00,29.4,78.0,25.2,10.8,6.8,0.0,0.0,0.0,SE,132.0,東南,,
FM,大炮台,2026-05-30T22:15:00,28.8,78.0,24.5,13.3,4.0,0.0,0.0,0.0,S,161.0,南,,
JA,東亞運大馬路,2026-05-30T22:15:00,29.0,80.0,25.1,8.6,4.3,0.0,0.0,0.0,SE,146.0,東南,1010.1,1009.4
KV,九澳,2026-05-30T22:15:00,27.4,87.0,25.2,13.3,7.2,0.0,0.0,0.0,SSW,195.0,西南偏南,1010.3,1007.1
MM,媽閣,2026-05-30T22:15:00,28.9,78.0,24.6,6.1,4.3,0.0,0.0,0.0,WSW,245.0,西南偏西,1010.3,1008.4
MN,澳門大橋北,2026-05-30T22:15:00,,,,15.5,13.3,,,,SSW,200.0,西南偏南,,
MS,澳門大橋南,2026-05-30T22:15:00,,,,17.3,13.7,,,,SSW,207.0,西南偏南,,
PE,外港,2026-05-30T22:15:00,29.0,79.0,25.0,14.0,11.2,0.0,0.0,0.0,S,166.0,南,1009.9,1008.0
PG,嘉樂庇總督大橋,2026-05-30T22:15:00,,,,12.2,9.4,,,,SSW,193.0,西南偏南,,
PL,蓮花大橋,2026-05-30T22:15:00,,,,12.2,9.4,,,,SSW,196.0,西南偏南,,
PN,友誼大橋北,2026-05-30T22:15:00,,,,11.9,9.0,,,,SSW,199.0,西南偏南,,
PS,友誼大橋南,2026-05-30T22:15:00,,,,13.3,8.3,,,,SSW,195.0,西南偏南,,
PV,西灣大橋,2026-05-30T22:15:00,,,,11.2,6.5,,,,SW,222.0,西南,,
TG,大潭山,2026-05-30T22:15:00,27.6,86.0,25.1,11.9,6.5,0.0,0.0,0.0,SSW,206.0,西南偏南,1010.2,997.2
UM,澳門大學,2026-05-30T22:15:00,28.8,80.0,25.0,9.4,5.8,0.0,0.0,0.0,SW,211.0,西南,1009.9,1009.2
DC,路環市區,2026-05-30T23:40:00,29.1,81.0,25.5,4.3,1.1,0.0,0.0,0.0,SSW,207.0,西南偏南,,
DP,紀念孫中山市政公園,2026-05-30T23:40:00,28.9,79.0,24.9,11.2,5.8,0.0,0.0,0.0,WSW,255.0,西南偏西,,
EM,黑沙環,2026-05-30T23:40:00,29.4,78.0,25.1,11.2,6.5,0.0,0.0,0.0,SE,141.0,東南,,
FM,大炮台,2026-05-30T23:40:00,28.5,78.0,24.4,9.7,6.5,0.0,0.0,0.0,SW,218.0,西南,,
JA,東亞運大馬路,2026-05-30T23:40:00,28.6,81.0,25.1,0.0,0.0,0.0,0.0,0.0,SSE,158.0,東南偏南,1010.1,1009.4
KV,九澳,2026-05-30T23:40:00,27.3,88.0,25.2,12.2,7.6,0.0,0.0,0.0,S,188.0,南,1010.2,1007.0
MM,媽閣,2026-05-30T23:40:00,28.9,79.0,24.8,9.0,5.4,0.0,0.0,0.0,SSW,208.0,西南偏南,1010.3,1008.5
MN,澳門大橋北,2026-05-30T23:40:00,,,,16.6,13.0,,,,SSW,196.0,西南偏南,,
MS,澳門大橋南,2026-05-30T23:40:00,,,,14.0,9.0,,,,S,176.0,南,,
PE,外港,2026-05-30T23:40:00,28.8,80.0,25.0,14.8,11.2,0.0,0.0,0.0,S,178.0,南,1009.9,1008.0
PG,嘉樂庇總督大橋,2026-05-30T23:40:00,,,,8.6,6.8,,,,SW,238.0,西南,,
PL,蓮花大橋,2026-05-30T23:40:00,,,,9.7,7.2,,,,S,182.0,南,,
PN,友誼大橋北,2026-05-30T23:40:00,,,,12.6,8.6,,,,SSW,193.0,西南偏南,,
PS,友誼大橋南,2026-05-30T23:40:00,,,,12.2,8.3,,,,S,188.0,南,,
PV,西灣大橋,2026-05-30T23:40:00,,,,11.2,6.8,,,,SW,220.0,西南,,
TG,大潭山,2026-05-30T23:40:00,27.5,87.0,25.1,10.8,6.1,0.0,0.0,0.0,SSW,205.0,西南偏南,1010.1,997.1
UM,澳門大學,2026-05-30T23:40:00,28.4,82.0,25.1,7.9,4.3,0.0,0.0,0.0,S,179.0,南,1009.9,1009.2
DC,路環市區,2026-05-31T01:10:00,29.2,78.0,24.9,8.6,2.9,0.0,0.0,0.0,ESE,118.0,東南偏東,,
DP,紀念孫中山市政公園,2026-05-31T01:10:00,29.2,78.0,25.0,11.2,2.9,0.0,0.0,0.0,SW,227.0,西南,,
EM,黑沙環,2026-05-31T01:10:00,29.1,79.0,25.0,14.8,9.7,0.0,0.0,0.0,SE,144.0,東南,,
FM,大炮台,2026-05-31T01:10:00,28.5,79.0,24.5,8.6,4.0,0.0,0.0,0.0,S,164.0,南,,
JA,東亞運大馬路,2026-05-31T01:10:00,28.8,81.0,25.3,11.2,5.8,0.0,0.0,0.0,SE,125.0,東南,1009.5,1008.8
KV,九澳,2026-05-31T01:10:00,28.2,83.0,25.0,14.4,10.1,0.0,0.0,0.0,S,185.0,南,1009.8,1006.5
MM,媽閣,2026-05-31T01:10:00,28.9,78.0,24.8,12.6,7.2,0.0,0.0,0.0,S,179.0,南,1009.8,1007.9
MN,澳門大橋北,2026-05-31T01:10:00,,,,17.6,10.8,,,,SSE,153.0,東南偏南,,
MS,澳門大橋南,2026-05-31T01:10:00,,,,17.6,13.7,,,,SSE,152.0,東南偏南,,
PE,外港,2026-05-31T01:10:00,28.8,80.0,25.1,18.4,14.0,0.0,0.0,0.0,SSE,153.0,東南偏南,1009.4,1007.5
PG,嘉樂庇總督大橋,2026-05-31T01:10:00,,,,14.4,11.2,,,,S,175.0,南,,
PL,蓮花大橋,2026-05-31T01:10:00,,,,13.3,10.1,,,,SSE,159.0,東南偏南,,
PN,友誼大橋北,2026-05-31T01:10:00,,,,14.0,10.1,,,,S,161.0,南,,
PS,友誼大橋南,2026-05-31T01:10:00,,,,18.0,12.6,,,,S,184.0,南,,
PV,西灣大橋,2026-05-31T01:10:00,,,,10.8,6.1,,,,SSE,155.0,東南偏南,,
TG,大潭山,2026-05-31T01:10:00,27.8,84.0,24.9,14.0,7.9,0.0,0.0,0.0,S,163.0,南,1009.5,996.6
UM,澳門大學,2026-05-31T01:10:00,28.5,82.0,25.2,11.5,5.8,0.0,0.0,0.0,SSE,160.0,東南偏南,1009.4,1008.7
DC,路環市區,2026-05-31T02:35:00,29.2,77.0,24.9,5.0,2.2,0.0,0.0,0.0,SE,142.0,東南,,
DP,紀念孫中山市政公園,2026-05-31T02:35:00,29.2,77.0,24.7,10.1,3.2,0.0,0.0,0.0,SSE,152.0,東南偏南,,
EM,黑沙環,2026-05-31T02:35:00,29.1,79.0,25.0,14.8,9.4,0.0,0.0,0.0,SE,142.0,東南,,
FM,大炮台,2026-05-31T02:35:00,28.5,78.0,24.2,11.2,4.7,0.0,0.0,0.0,S,166.0,南,,
JA,東亞運大馬路,2026-05-31T02:35:00,28.8,80.0,24.9,14.0,8.3,0.0,0.0,0.0,SE,133.0,東南,1008.7,1008.0
KV,九澳,2026-05-31T02:35:00,28.2,84.0,25.2,14.8,10.1,0.0,0.0,0.0,S,176.0,南,1009.0,1005.7
MM,媽閣,2026-05-31T02:35:00,29.0,78.0,24.7,10.1,5.8,0.0,0.0,0.0,S,181.0,南,1009.0,1007.1
MN,澳門大橋北,2026-05-31T02:35:00,,,,19.8,12.6,,,,SSE,154.0,東南偏南,,
MS,澳門大橋南,2026-05-31T02:35:00,,,,22.0,16.9,,,,SSE,152.0,東南偏南,,
PE,外港,2026-05-31T02:35:00,28.9,81.0,25.2,20.2,15.8,0.0,0.0,0.0,SSE,154.0,東南偏南,1008.6,1006.7
PG,嘉樂庇總督大橋,2026-05-31T02:35:00,,,,15.8,10.4,,,,S,175.0,南,,
PL,蓮花大橋,2026-05-31T02:35:00,,,,16.9,13.0,,,,S,162.0,南,,
PN,友誼大橋北,2026-05-31T02:35:00,,,,20.5,14.4,,,,S,161.0,南,,
PS,友誼大橋南,2026-05-31T02:35:00,,,,16.2,11.5,,,,S,177.0,南,,
PV,西灣大橋,2026-05-31T02:35:00,,,,13.7,8.3,,,,S,162.0,南,,
TG,大潭山,2026-05-31T02:35:00,27.8,85.0,25.1,16.6,9.7,0.0,0.0,0.0,SSE,151.0,東南偏南,1008.7,995.8
UM,澳門大學,2026-05-31T02:35:00,28.8,80.0,25.0,14.0,8.3,0.0,0.0,0.0,S,161.0,南,1008.6,1007.9
DC,路環市區,2026-05-31T04:10:00,29.0,79.0,25.0,6.5,2.5,0.0,0.0,0.0,ESE,103.0,東南偏東,,
DP,紀念孫中山市政公園,2026-05-31T04:10:00,28.8,80.0,25.0,15.1,5.8,0.0,0.0,0.0,SE,138.0,東南,,
EM,黑沙環,2026-05-31T04:10:00,28.8,80.0,25.0,16.9,11.2,0.0,0.0,0.0,SE,145.0,東南,,
FM,大炮台,2026-05-31T04:10:00,28.2,81.0,24.5,14.0,6.5,0.0,0.0,0.0,SE,139.0,東南,,
JA,東亞運大馬路,2026-05-31T04:10:00,28.6,82.0,25.3,11.9,6.5,0.0,0.0,0.0,SE,146.0,東南,1008.9,1008.2
KV,九澳,2026-05-31T04:10:00,28.1,83.0,25.1,14.0,7.2,0.0,0.0,0.0,SE,148.0,東南,1009.2,1005.9
MM,媽閣,2026-05-31T04:10:00,28.7,80.0,24.9,9.4,4.3,0.0,0.0,0.0,SSE,157.0,東南偏南,1009.1,1007.2
MN,澳門大橋北,2026-05-31T04:10:00,,,,20.9,16.9,,,,SE,125.0,東南,,
MS,澳門大橋南,2026-05-31T04:10:00,,,,22.3,17.6,,,,SE,131.0,東南,,
PE,外港,2026-05-31T04:10:00,28.5,82.0,25.1,14.0,11.9,0.0,0.0,0.0,SE,136.0,東南,1008.7,1006.8
PG,嘉樂庇總督大橋,2026-05-31T04:10:00,,,,16.9,12.6,,,,ESE,117.0,東南偏東,,
PL,蓮花大橋,2026-05-31T04:10:00,,,,15.5,10.1,,,,SSE,154.0,東南偏南,,
PN,友誼大橋北,2026-05-31T04:10:00,,,,20.9,15.1,,,,SE,129.0,東南,,
PS,友誼大橋南,2026-05-31T04:10:00,,,,17.3,13.7,,,,SE,138.0,東南,,
PV,西灣大橋,2026-05-31T04:10:00,,,,10.1,6.1,,,,SSE,152.0,東南偏南,,
TG,大潭山,2026-05-31T04:10:00,27.5,86.0,25.0,13.0,5.4,0.0,0.0,0.0,SE,125.0,東南,1008.9,996.0
UM,澳門大學,2026-05-31T04:10:00,28.4,84.0,25.4,11.5,6.1,0.0,0.0,0.0,SE,132.0,東南,1008.7,1008.0
DC,路環市區,2026-05-31T05:30:00,27.7,88.0,25.6,7.6,4.0,0.0,2.4,2.4,N,7.0,北,,
DP,紀念孫中山市政公園,2026-05-31T05:30:00,26.2,97.0,25.7,16.2,5.0,0.4,24.8,25.6,E,95.0,東,,
EM,黑沙環,2026-05-31T05:30:00,27.2,89.0,25.3,20.9,11.5,0.6,5.8,5.8,S,187.0,南,,
FM,大炮台,2026-05-31T05:30:00,26.5,94.0,25.4,9.4,4.0,0.6,11.4,11.4,SE,147.0,東南,,
JA,東亞運大馬路,2026-05-31T05:30:00,26.9,93.0,25.7,7.9,3.6,0.2,4.4,4.4,SE,142.0,東南,1009.4,1008.7
KV,九澳,2026-05-31T05:30:00,26.4,94.0,25.5,15.5,9.0,0.2,7.6,7.6,S,165.0,南,1009.6,1006.3
MM,媽閣,2026-05-31T05:30:00,27.3,90.0,25.4,10.1,6.5,0.4,2.0,2.0,S,165.0,南,1009.7,1007.8
MN,澳門大橋北,2026-05-31T05:30:00,,,,22.0,15.1,,,,SE,140.0,東南,,
MS,澳門大橋南,2026-05-31T05:30:00,,,,22.3,16.6,,,,SE,135.0,東南,,
PE,外港,2026-05-31T05:30:00,26.8,92.0,25.3,23.8,15.5,0.8,11.6,11.6,SE,147.0,東南,1009.3,1007.4
PG,嘉樂庇總督大橋,2026-05-31T05:30:00,,,,13.0,8.6,,,,ESE,119.0,東南偏東,,
PL,蓮花大橋,2026-05-31T05:30:00,,,,15.1,8.3,,,,ESE,112.0,東南偏東,,
PN,友誼大橋北,2026-05-31T05:30:00,,,,16.9,12.2,,,,SSE,154.0,東南偏南,,
PS,友誼大橋南,2026-05-31T05:30:00,,,,18.4,14.0,,,,SE,139.0,東南,,
PV,西灣大橋,2026-05-31T05:30:00,,,,11.5,6.5,,,,SE,140.0,東南,,
TG,大潭山,2026-05-31T05:30:00,26.3,95.0,25.4,12.2,8.3,0.0,5.6,5.6,S,162.0,南,1009.3,996.4
UM,澳門大學,2026-05-31T05:30:00,26.9,94.0,25.8,18.4,12.2,0.2,7.4,7.4,ENE,79.0,東北偏東,1009.2,1008.5
DC,路環市區,2026-05-31T06:30:00,26.5,93.0,25.2,6.8,2.5,0.0,4.0,6.4,NNW,339.0,西北偏北,,
DP,紀念孫中山市政公園,2026-05-31T06:30:00,25.1,97.0,24.7,5.8,2.9,1.6,29.2,54.8,NE,39.0,東北,,
EM,黑沙環,2026-05-31T06:30:00,26.2,90.0,24.4,7.2,3.6,0.8,9.0,14.8,NNE,26.0,東北偏北,,
FM,大炮台,2026-05-31T06:30:00,25.0,95.0,24.3,13.3,7.2,0.6,27.6,39.0,NE,54.0,東北,,
JA,東亞運大馬路,2026-05-31T06:30:00,25.7,96.0,25.1,5.4,0.4,1.2,29.6,34.0,NW,303.0,西北,1010.3,1009.6
KV,九澳,2026-05-31T06:30:00,26.0,94.0,25.1,19.1,8.3,0.0,2.6,10.2,NW,324.0,西北,1010.6,1007.3
MM,媽閣,2026-05-31T06:30:00,25.8,97.0,25.2,13.7,6.8,0.2,40.4,42.4,SSE,155.0,東南偏南,1010.7,1008.8
MN,澳門大橋北,2026-05-31T06:30:00,,,,16.9,11.9,,,,NNW,342.0,西北偏北,,
MS,澳門大橋南,2026-05-31T06:30:00,,,,22.0,15.1,,,,N,2.0,北,,
PE,外港,2026-05-31T06:30:00,25.8,93.0,24.6,19.8,13.3,0.4,14.2,25.8,NW,320.0,西北,1010.3,1008.4
PG,嘉樂庇總督大橋,2026-05-31T06:30:00,,,,15.8,6.1,,,,SW,221.0,西南,,
PL,蓮花大橋,2026-05-31T06:30:00,,,,11.2,7.6,,,,NW,302.0,西北,,
PN,友誼大橋北,2026-05-31T06:30:00,,,,17.3,11.9,,,,NNW,330.0,西北偏北,,
PS,友誼大橋南,2026-05-31T06:30:00,,,,21.2,14.0,,,,NNW,330.0,西北偏北,,
PV,西灣大橋,2026-05-31T06:30:00,,,,13.7,9.4,,,,SSE,153.0,東南偏南,,
TG,大潭山,2026-05-31T06:30:00,25.3,96.0,24.6,20.2,12.6,0.8,4.4,10.0,NNE,13.0,東北偏北,1010.4,997.3
UM,澳門大學,2026-05-31T06:30:00,26.1,94.0,25.1,11.5,5.8,0.6,8.0,15.4,NW,318.0,西北,1010.0,1009.3
DC,路環市區,2026-05-31T07:30:00,25.8,94.0,24.7,9.4,5.8,0.0,11.0,17.4,NE,36.0,東北,,
DP,紀念孫中山市政公園,2026-05-31T07:30:00,25.1,98.0,24.7,9.7,4.0,0.0,21.0,75.8,SSW,210.0,西南偏南,,
EM,黑沙環,2026-05-31T07:30:00,25.8,93.0,24.6,10.4,4.0,0.0,13.6,28.4,S,162.0,南,,
FM,大炮台,2026-05-31T07:30:00,24.8,96.0,24.1,10.1,5.0,0.0,9.6,48.6,SSW,202.0,西南偏南,,
JA,東亞運大馬路,2026-05-31T07:30:00,25.3,94.0,24.3,10.4,4.7,0.0,9.2,43.2,S,179.0,南,1011.0,1010.3
KV,九澳,2026-05-31T07:30:00,24.7,97.0,24.2,8.6,2.5,0.2,30.2,40.4,E,89.0,東,1011.4,1008.1
MM,媽閣,2026-05-31T07:30:00,25.2,96.0,24.5,14.0,9.7,0.0,8.4,50.8,SSE,160.0,東南偏南,1011.3,1009.4
MN,澳門大橋北,2026-05-31T07:30:00,,,,18.0,14.8,,,,E,93.0,東,,
MS,澳門大橋南,2026-05-31T07:30:00,,,,15.5,11.5,,,,E,95.0,東,,
PE,外港,2026-05-31T07:30:00,25.6,95.0,24.7,15.5,8.6,0.0,8.2,34.0,SE,148.0,東南,1010.8,1008.9
PG,嘉樂庇總督大橋,2026-05-31T07:30:00,,,,12.6,10.1,,,,SSE,154.0,東南偏南,,
PL,蓮花大橋,2026-05-31T07:30:00,,,,12.2,6.8,,,,S,182.0,南,,
PN,友誼大橋北,2026-05-31T07:30:00,,,,11.5,6.5,,,,ESE,108.0,東南偏東,,
PS,友誼大橋南,2026-05-31T07:30:00,,,,11.5,6.5,,,,SE,124.0,東南,,
PV,西灣大橋,2026-05-31T07:30:00,,,,10.8,7.9,,,,SE,148.0,東南,,
TG,大潭山,2026-05-31T07:30:00,24.5,98.0,24.2,11.9,7.2,0.0,22.0,32.0,S,170.0,南,1011.2,998.1
UM,澳門大學,2026-05-31T07:30:00,25.7,94.0,24.7,10.1,4.0,0.2,10.4,25.8,S,187.0,南,1010.9,1010.2
DC,路環市區,2026-05-31T09:40:00,25.7,94.0,24.6,3.6,0.4,0.0,1.4,23.8,S,181.0,南,,
DP,紀念孫中山市政公園,2026-05-31T09:40:00,25.4,96.0,24.7,6.8,3.2,0.0,0.6,78.6,E,80.0,東,,
EM,黑沙環,2026-05-31T09:40:00,26.3,89.0,24.3,7.9,4.7,0.0,0.4,30.2,E,99.0,東,,
FM,大炮台,2026-05-31T09:40:00,25.5,92.0,24.0,8.6,6.1,0.0,0.4,50.6,ESE,102.0,東南偏東,,
JA,東亞運大馬路,2026-05-31T09:40:00,25.7,94.0,24.8,7.9,3.6,0.0,0.8,47.0,SE,132.0,東南,1011.5,1010.8
KV,九澳,2026-05-31T09:40:00,25.2,97.0,24.7,6.1,0.7,0.0,1.4,50.4,SW,218.0,西南,1011.7,1008.4
MM,媽閣,2026-05-31T09:40:00,26.0,92.0,24.6,6.1,3.2,0.0,0.4,53.0,ESE,107.0,東南偏東,1011.7,1009.8
MN,澳門大橋北,2026-05-31T09:40:00,,,,6.8,3.6,,,,ESE,112.0,東南偏東,,
MS,澳門大橋南,2026-05-31T09:40:00,,,,6.1,4.0,,,,ESE,116.0,東南偏東,,
PE,外港,2026-05-31T09:40:00,26.1,90.0,24.3,6.8,4.0,0.0,0.4,36.2,ESE,114.0,東南偏東,1011.3,1009.4
PG,嘉樂庇總督大橋,2026-05-31T09:40:00,,,,11.5,8.6,,,,ENE,76.0,東北偏東,,
PL,蓮花大橋,2026-05-31T09:40:00,,,,9.7,4.0,,,,SE,133.0,東南,,
PN,友誼大橋北,2026-05-31T09:40:00,,,,6.8,4.0,,,,E,92.0,東,,
PS,友誼大橋南,2026-05-31T09:40:00,,,,6.8,4.7,,,,E,92.0,東,,
PV,西灣大橋,2026-05-31T09:40:00,,,,9.0,7.2,,,,E,81.0,東,,
TG,大潭山,2026-05-31T09:40:00,24.7,98.0,24.4,9.4,5.8,0.0,0.6,34.8,S,164.0,南,1011.5,998.5
UM,澳門大學,2026-05-31T09:40:00,25.4,94.0,24.3,10.8,6.1,0.0,0.6,30.6,SE,140.0,東南,1011.3,1010.6
DC,路環市區,2026-05-31T14:25:00,32.1,67.0,25.3,8.3,2.9,0.0,0.0,24.2,S,176.0,南,,
DP,紀念孫中山市政公園,2026-05-31T14:25:00,30.0,75.0,25.1,11.5,5.4,0.0,0.0,78.8,ESE,111.0,東南偏東,,
EM,黑沙環,2026-05-31T14:25:00,30.2,73.0,24.8,19.4,13.7,0.0,0.0,30.4,SE,141.0,東南,,
FM,大炮台,2026-05-31T14:25:00,29.2,76.0,24.6,20.5,10.4,0.0,0.0,50.8,ESE,113.0,東南偏東,,
JA,東亞運大馬路,2026-05-31T14:25:00,30.9,72.0,25.3,20.9,10.8,0.0,0.0,47.4,SSE,151.0,東南偏南,1008.6,1007.9
KV,九澳,2026-05-31T14:25:00,29.1,81.0,25.5,20.5,9.7,0.0,0.0,50.4,ESE,118.0,東南偏東,1009.0,1005.7
MM,媽閣,2026-05-31T14:25:00,30.9,69.0,24.4,16.9,8.3,0.0,0.0,53.2,S,185.0,南,1008.8,1007.0
MN,澳門大橋北,2026-05-31T14:25:00,,,,22.7,17.6,,,,SE,127.0,東南,,
MS,澳門大橋南,2026-05-31T14:25:00,,,,25.2,18.7,,,,SE,125.0,東南,,
PE,外港,2026-05-31T14:25:00,30.3,74.0,25.1,20.9,16.9,0.0,0.0,36.4,SE,135.0,東南,1008.5,1006.6
PG,嘉樂庇總督大橋,2026-05-31T14:25:00,,,,26.6,19.1,,,,ESE,114.0,東南偏東,,
PL,蓮花大橋,2026-05-31T14:25:00,,,,25.9,14.8,,,,S,163.0,南,,
PN,友誼大橋北,2026-05-31T14:25:00,,,,22.7,18.4,,,,SE,128.0,東南,,
PS,友誼大橋南,2026-05-31T14:25:00,,,,23.4,18.7,,,,SE,133.0,東南,,
PV,西灣大橋,2026-05-31T14:25:00,,,,14.8,10.1,,,,SSE,157.0,東南偏南,,
TG,大潭山,2026-05-31T14:25:00,28.7,82.0,25.3,17.6,9.0,0.0,0.0,35.0,ESE,108.0,東南偏東,1008.6,995.7
UM,澳門大學,2026-05-31T14:25:00,30.3,76.0,25.6,17.3,10.1,0.0,0.0,31.0,SE,148.0,東南,1008.5,1007.8
DC,路環市區,2026-05-31T17:30:00,29.2,78.0,24.9,14.8,7.9,0.0,0.0,24.2,ESE,113.0,東南偏東,,
DP,紀念孫中山市政公園,2026-05-31T17:30:00,28.9,79.0,24.9,16.9,7.2,0.0,0.0,78.8,SSW,191.0,西南偏南,,
EM,黑沙環,2026-05-31T17:30:00,28.9,79.0,24.8,20.5,13.0,0.0,0.0,30.4,SE,137.0,東南,,
FM,大炮台,2026-05-31T17:30:00,28.3,78.0,24.2,16.9,8.6,0.0,0.0,50.8,ESE,116.0,東南偏東,,
JA,東亞運大馬路,2026-05-31T17:30:00,28.8,79.0,24.8,18.7,11.2,0.0,0.0,47.4,SE,143.0,東南,1007.9,1007.2
KV,九澳,2026-05-31T17:30:00,28.0,81.0,24.5,20.9,11.9,0.0,0.0,50.4,SE,143.0,東南,1008.2,1004.9
MM,媽閣,2026-05-31T17:30:00,28.9,77.0,24.5,16.9,6.1,0.0,0.0,53.2,WNW,281.0,西北偏西,1008.1,1006.2
MN,澳門大橋北,2026-05-31T17:30:00,,,,25.6,19.8,,,,SE,128.0,東南,,
MS,澳門大橋南,2026-05-31T17:30:00,,,,27.0,20.5,,,,SE,128.0,東南,,
PE,外港,2026-05-31T17:30:00,28.6,81.0,25.1,22.0,17.6,0.0,0.0,36.4,SE,132.0,東南,1007.7,1005.8
PG,嘉樂庇總督大橋,2026-05-31T17:30:00,,,,24.8,18.4,,,,SE,133.0,東南,,
PL,蓮花大橋,2026-05-31T17:30:00,,,,26.6,17.6,,,,ESE,119.0,東南偏東,,
PN,友誼大橋北,2026-05-31T17:30:00,,,,23.8,20.9,,,,SE,130.0,東南,,
PS,友誼大橋南,2026-05-31T17:30:00,,,,27.0,21.2,,,,SE,137.0,東南,,
PV,西灣大橋,2026-05-31T17:30:00,,,,22.3,14.0,,,,SE,130.0,東南,,
TG,大潭山,2026-05-31T17:30:00,27.7,84.0,24.8,16.2,7.9,0.0,0.0,35.0,ESE,116.0,東南偏東,1007.9,995.0
UM,澳門大學,2026-05-31T17:30:00,28.7,81.0,25.2,22.3,14.4,0.0,0.0,31.0,SE,121.0,東南,1007.7,1007.0
DC,路環市區,2026-05-31T19:10:00,28.9,78.0,24.6,14.8,6.8,0.0,0.0,24.2,ESE,111.0,東南偏東,,
DP,紀念孫中山市政公園,2026-05-31T19:10:00,28.6,78.0,24.4,11.5,4.7,0.0,0.0,78.8,S,185.0,南,,
EM,黑沙環,2026-05-31T19:10:00,28.8,78.0,24.5,16.9,10.1,0.0,0.0,30.4,SE,140.0,東南,,
FM,大炮台,2026-05-31T19:10:00,28.1,78.0,23.8,15.5,5.4,0.0,0.0,50.8,SE,139.0,東南,,
JA,東亞運大馬路,2026-05-31T19:10:00,28.5,79.0,24.5,17.6,11.2,0.0,0.0,47.4,SE,142.0,東南,1008.7,1008.0
KV,九澳,2026-05-31T19:10:00,27.9,81.0,24.3,19.4,8.6,0.0,0.0,50.4,SE,134.0,東南,1009.0,1005.8
MM,媽閣,2026-05-31T19:10:00,28.7,77.0,24.1,11.9,5.0,0.0,0.0,53.2,SW,231.0,西南,1009.0,1007.2
MN,澳門大橋北,2026-05-31T19:10:00,,,,25.6,20.9,,,,SE,133.0,東南,,
MS,澳門大橋南,2026-05-31T19:10:00,,,,27.7,20.9,,,,SE,137.0,東南,,
PE,外港,2026-05-31T19:10:00,28.4,81.0,24.8,22.3,15.8,0.0,0.0,36.4,SE,141.0,東南,1008.7,1006.8
PG,嘉樂庇總督大橋,2026-05-31T19:10:00,,,,25.2,16.6,,,,SE,133.0,東南,,
PL,蓮花大橋,2026-05-31T19:10:00,,,,23.4,18.4,,,,SE,122.0,東南,,
PN,友誼大橋北,2026-05-31T19:10:00,,,,25.6,20.5,,,,SE,134.0,東南,,
PS,友誼大橋南,2026-05-31T19:10:00,,,,25.9,22.0,,,,SE,142.0,東南,,
PV,西灣大橋,2026-05-31T19:10:00,,,,18.7,13.0,,,,SE,144.0,東南,,
TG,大潭山,2026-05-31T19:10:00,27.3,85.0,24.5,18.4,8.6,0.0,0.0,35.0,SE,131.0,東南,1008.7,995.8
UM,澳門大學,2026-05-31T19:10:00,28.3,82.0,24.8,17.3,11.5,0.0,0.0,31.0,SE,128.0,東南,1008.6,1007.9
DC,路環市區,2026-05-31T20:55:00,28.7,77.0,24.4,7.2,2.5,0.0,0.0,24.2,SE,137.0,東南,,
DP,紀念孫中山市政公園,2026-05-31T20:55:00,28.4,78.0,24.2,17.3,6.8,0.0,0.0,78.8,S,176.0,南,,
EM,黑沙環,2026-05-31T20:55:00,28.7,77.0,24.2,18.4,10.1,0.0,0.0,30.4,SE,147.0,東南,,
FM,大炮台,2026-05-31T20:55:00,28.0,78.0,23.8,10.4,4.3,0.0,0.0,50.8,SE,139.0,東南,,
JA,東亞運大馬路,2026-05-31T20:55:00,28.3,80.0,24.4,15.5,8.6,0.0,0.0,47.4,SE,143.0,東南,1009.7,1009.0
KV,九澳,2026-05-31T20:55:00,27.7,82.0,24.4,17.3,8.6,0.0,0.0,50.4,SE,148.0,東南,1010.0,1006.7
MM,媽閣,2026-05-31T20:55:00,28.5,77.0,24.1,11.5,5.4,0.0,0.0,53.2,SSW,210.0,西南偏南,1009.9,1008.0
MN,澳門大橋北,2026-05-31T20:55:00,,,,22.7,17.6,,,,SE,147.0,東南,,
MS,澳門大橋南,2026-05-31T20:55:00,,,,22.3,15.5,,,,SE,144.0,東南,,
PE,外港,2026-05-31T20:55:00,28.2,80.0,24.4,19.4,15.5,0.0,0.0,36.4,SE,142.0,東南,1009.5,1007.7
PG,嘉樂庇總督大橋,2026-05-31T20:55:00,,,,19.8,15.1,,,,SE,136.0,東南,,
PL,蓮花大橋,2026-05-31T20:55:00,,,,15.8,11.9,,,,SE,132.0,東南,,
PN,友誼大橋北,2026-05-31T20:55:00,,,,21.6,18.7,,,,SE,138.0,東南,,
PS,友誼大橋南,2026-05-31T20:55:00,,,,24.1,19.1,,,,SE,145.0,東南,,
PV,西灣大橋,2026-05-31T20:55:00,,,,19.4,13.3,,,,SE,136.0,東南,,
TG,大潭山,2026-05-31T20:55:00,27.1,85.0,24.4,16.2,6.5,0.0,0.0,35.0,SE,138.0,東南,1009.7,996.8
UM,澳門大學,2026-05-31T20:55:00,28.0,82.0,24.6,16.6,10.8,0.0,0.0,31.0,SE,133.0,東南,1009.5,1008.8
DC,路環市區,2026-05-31T22:45:00,28.5,79.0,24.5,10.1,4.3,0.0,0.0,24.2,ESE,105.0,東南偏東,,
DP,紀念孫中山市政公園,2026-05-31T22:45:00,28.4,79.0,24.3,16.2,6.5,0.0,0.0,78.8,SSE,159.0,東南偏南,,
EM,黑沙環,2026-05-31T22:45:00,28.5,79.0,24.4,19.1,11.9,0.0,0.0,30.4,SE,143.0,東南,,
FM,大炮台,2026-05-31T22:45:00,27.9,79.0,23.9,13.0,5.8,0.0,0.0,50.8,S,167.0,南,,
JA,東亞運大馬路,2026-05-31T22:45:00,28.2,80.0,24.5,15.8,10.8,0.0,0.0,47.4,SE,143.0,東南,1010.5,1009.8
KV,九澳,2026-05-31T22:45:00,27.1,86.0,24.5,10.4,5.0,0.0,0.0,50.4,S,176.0,南,1010.8,1007.6
MM,媽閣,2026-05-31T22:45:00,28.3,78.0,24.1,12.2,6.5,0.0,0.0,53.2,SW,212.0,西南,1010.7,1008.9
MN,澳門大橋北,2026-05-31T22:45:00,,,,27.7,16.2,,,,SE,144.0,東南,,
MS,澳門大橋南,2026-05-31T22:45:00,,,,23.8,16.9,,,,SE,143.0,東南,,
PE,外港,2026-05-31T22:45:00,28.2,81.0,24.6,19.4,16.2,0.0,0.0,36.4,SE,142.0,東南,1010.4,1008.5
PG,嘉樂庇總督大橋,2026-05-31T22:45:00,,,,18.0,12.6,,,,SE,138.0,東南,,
PL,蓮花大橋,2026-05-31T22:45:00,,,,16.9,12.6,,,,SE,134.0,東南,,
PN,友誼大橋北,2026-05-31T22:45:00,,,,21.2,18.7,,,,SE,140.0,東南,,
PS,友誼大橋南,2026-05-31T22:45:00,,,,23.0,17.6,,,,SE,146.0,東南,,
PV,西灣大橋,2026-05-31T22:45:00,,,,16.9,11.9,,,,SE,138.0,東南,,
TG,大潭山,2026-05-31T22:45:00,27.0,86.0,24.4,13.0,6.8,0.0,0.0,35.0,SE,129.0,東南,1010.5,997.6
UM,澳門大學,2026-05-31T22:45:00,28.0,83.0,24.9,15.1,10.1,0.0,0.0,31.0,SE,122.0,東南,1010.3,1009.6
DC,路環市區,2026-06-01T00:15:00,28.5,78.0,24.3,9.7,3.2,0.0,0.0,0.0,SE,128.0,東南,,
DP,紀念孫中山市政公園,2026-06-01T00:15:00,28.4,78.0,24.2,9.7,3.6,0.0,0.0,0.0,SE,140.0,東南,,
EM,黑沙環,2026-06-01T00:15:00,28.6,78.0,24.4,14.4,8.3,0.0,0.0,0.0,SSE,150.0,東南偏南,,
FM,大炮台,2026-06-01T00:15:00,27.9,79.0,23.9,8.3,4.0,0.0,0.0,0.0,S,164.0,南,,
JA,東亞運大馬路,2026-06-01T00:15:00,28.3,81.0,24.6,9.7,4.7,0.0,0.0,0.0,SE,138.0,東南,1010.3,1009.6
KV,九澳,2026-06-01T00:15:00,27.6,84.0,24.6,14.4,8.6,0.0,0.0,0.0,S,172.0,南,1010.5,1007.3
MM,媽閣,2026-06-01T00:15:00,28.3,78.0,24.2,11.9,6.5,0.0,0.0,0.0,S,179.0,南,1010.6,1008.7
MN,澳門大橋北,2026-06-01T00:15:00,,,,14.4,10.1,,,,S,164.0,南,,
MS,澳門大橋南,2026-06-01T00:15:00,,,,19.1,14.8,,,,SSE,152.0,東南偏南,,
PE,外港,2026-06-01T00:15:00,28.1,82.0,24.7,16.6,13.3,0.0,0.0,0.0,SSE,151.0,東南偏南,1010.2,1008.3
PG,嘉樂庇總督大橋,2026-06-01T00:15:00,,,,9.7,5.4,,,,S,166.0,南,,
PL,蓮花大橋,2026-06-01T00:15:00,,,,19.1,13.3,,,,S,164.0,南,,
PN,友誼大橋北,2026-06-01T00:15:00,,,,16.6,14.0,,,,SSE,158.0,東南偏南,,
PS,友誼大橋南,2026-06-01T00:15:00,,,,16.9,11.5,,,,S,163.0,南,,
PV,西灣大橋,2026-06-01T00:15:00,,,,11.9,7.6,,,,SSE,157.0,東南偏南,,
TG,大潭山,2026-06-01T00:15:00,27.0,86.0,24.5,12.2,5.4,0.0,0.0,0.0,S,163.0,南,1010.3,997.3
UM,澳門大學,2026-06-01T00:15:00,28.1,81.0,24.5,10.8,7.6,0.0,0.0,0.0,SE,146.0,東南,1010.1,1009.4
DC,路環市區,2026-06-01T01:35:00,28.4,79.0,24.4,5.8,2.2,0.0,0.0,0.0,SE,142.0,東南,,
DP,紀念孫中山市政公園,2026-06-01T01:35:00,28.2,80.0,24.5,9.0,4.3,0.0,0.0,0.0,S,186.0,南,,
EM,黑沙環,2026-06-01T01:35:00,28.3,81.0,24.7,13.7,7.2,0.0,0.0,0.0,SE,142.0,東南,,
FM,大炮台,2026-06-01T01:35:00,28.0,78.0,23.8,12.2,5.4,0.0,0.0,0.0,S,179.0,南,,
JA,東亞運大馬路,2026-06-01T01:35:00,28.1,81.0,24.5,14.0,9.7,0.0,0.0,0.0,SE,135.0,東南,1009.7,1009.0
KV,九澳,2026-06-01T01:35:00,27.4,84.0,24.4,14.4,10.1,0.0,0.0,0.0,S,175.0,南,1010.1,1006.8
MM,媽閣,2026-06-01T01:35:00,28.2,79.0,24.2,9.7,5.0,0.0,0.0,0.0,S,184.0,南,1010.0,1008.1
MN,澳門大橋北,2026-06-01T01:35:00,,,,17.6,13.0,,,,SE,143.0,東南,,
MS,澳門大橋南,2026-06-01T01:35:00,,,,18.4,14.0,,,,SE,149.0,東南,,
PE,外港,2026-06-01T01:35:00,28.0,84.0,25.0,13.0,10.8,0.0,0.0,0.0,SE,145.0,東南,1009.6,1007.7
PG,嘉樂庇總督大橋,2026-06-01T01:35:00,,,,14.0,10.4,,,,SE,134.0,東南,,
PL,蓮花大橋,2026-06-01T01:35:00,,,,14.8,10.1,,,,SSE,151.0,東南偏南,,
PN,友誼大橋北,2026-06-01T01:35:00,,,,14.8,12.6,,,,SE,146.0,東南,,
PS,友誼大橋南,2026-06-01T01:35:00,,,,17.3,13.0,,,,SE,149.0,東南,,
PV,西灣大橋,2026-06-01T01:35:00,,,,14.0,7.9,,,,SE,146.0,東南,,
TG,大潭山,2026-06-01T01:35:00,27.0,86.0,24.4,10.1,4.7,0.0,0.0,0.0,SSE,153.0,東南偏南,1009.8,996.8
UM,澳門大學,2026-06-01T01:35:00,28.0,83.0,24.8,13.7,8.3,0.0,0.0,0.0,SE,131.0,東南,1009.6,1008.9
DC,路環市區,2026-06-01T02:40:00,28.4,79.0,24.5,8.3,3.2,0.0,0.0,0.0,SE,139.0,東南,,
DP,紀念孫中山市政公園,2026-06-01T02:40:00,28.3,80.0,24.5,10.1,4.0,0.0,0.0,0.0,S,161.0,南,,
EM,黑沙環,2026-06-01T02:40:00,28.3,81.0,24.6,12.2,7.2,0.0,0.0,0.0,SE,139.0,東南,,
FM,大炮台,2026-06-01T02:40:00,27.8,79.0,23.8,9.0,3.2,0.0,0.0,0.0,SSE,152.0,東南偏南,,
JA,東亞運大馬路,2026-06-01T02:40:00,28.2,82.0,24.8,11.9,7.2,0.0,0.0,0.0,SE,138.0,東南,1009.6,1008.9
KV,九澳,2026-06-01T02:40:00,27.3,86.0,24.7,13.3,8.3,0.0,0.0,0.0,S,176.0,南,1009.8,1006.6
MM,媽閣,2026-06-01T02:40:00,28.3,78.0,24.2,11.2,5.0,0.0,0.0,0.0,SSW,199.0,西南偏南,1009.9,1008.1
MN,澳門大橋北,2026-06-01T02:40:00,,,,16.6,13.0,,,,SE,145.0,東南,,
MS,澳門大橋南,2026-06-01T02:40:00,,,,16.6,11.5,,,,SE,141.0,東南,,
PE,外港,2026-06-01T02:40:00,28.0,82.0,24.7,13.0,9.4,0.0,0.0,0.0,SE,138.0,東南,1009.5,1007.6
PG,嘉樂庇總督大橋,2026-06-01T02:40:00,,,,10.8,6.8,,,,SE,148.0,東南,,
PL,蓮花大橋,2026-06-01T02:40:00,,,,18.0,13.3,,,,SSE,158.0,東南偏南,,
PN,友誼大橋北,2026-06-01T02:40:00,,,,13.7,11.5,,,,SE,136.0,東南,,
PS,友誼大橋南,2026-06-01T02:40:00,,,,16.6,11.2,,,,SE,144.0,東南,,
PV,西灣大橋,2026-06-01T02:40:00,,,,10.1,5.8,,,,SSE,155.0,東南偏南,,
TG,大潭山,2026-06-01T02:40:00,27.1,86.0,24.5,13.3,6.5,0.0,0.0,0.0,SE,142.0,東南,1009.6,996.7
UM,澳門大學,2026-06-01T02:40:00,28.1,82.0,24.8,13.3,7.6,0.0,0.0,0.0,SSE,150.0,東南偏南,1009.4,1008.7
DC,路環市區,2026-06-01T04:10:00,28.3,80.0,24.6,4.3,0.4,0.0,0.0,0.0,SE,128.0,東南,,
DP,紀念孫中山市政公園,2026-06-01T04:10:00,28.2,81.0,24.6,11.2,4.7,0.0,0.0,0.0,S,163.0,南,,
EM,黑沙環,2026-06-01T04:10:00,28.2,82.0,24.8,11.2,6.8,0.0,0.0,0.0,SE,139.0,東南,,
FM,大炮台,2026-06-01T04:10:00,27.8,80.0,24.0,7.9,3.6,0.0,0.0,0.0,S,162.0,南,,
JA,東亞運大馬路,2026-06-01T04:10:00,28.0,83.0,24.9,9.4,6.8,0.0,0.0,0.0,SE,128.0,東南,1009.1,1008.4
KV,九澳,2026-06-01T04:10:00,26.6,89.0,24.7,12.2,9.0,0.0,0.0,0.0,S,179.0,南,1009.3,1006.0
MM,媽閣,2026-06-01T04:10:00,28.2,80.0,24.4,9.4,5.8,0.0,0.0,0.0,SSE,156.0,東南偏南,1009.3,1007.5
MN,澳門大橋北,2026-06-01T04:10:00,,,,14.8,11.9,,,,SE,143.0,東南,,
MS,澳門大橋南,2026-06-01T04:10:00,,,,14.8,10.4,,,,SE,144.0,東南,,
PE,外港,2026-06-01T04:10:00,27.9,85.0,25.0,12.2,9.7,0.0,0.0,0.0,SE,141.0,東南,1008.9,1007.0
PG,嘉樂庇總督大橋,2026-06-01T04:10:00,,,,9.0,6.5,,,,SE,149.0,東南,,
PL,蓮花大橋,2026-06-01T04:10:00,,,,14.8,11.5,,,,SSE,156.0,東南偏南,,
PN,友誼大橋北,2026-06-01T04:10:00,,,,12.6,10.4,,,,SE,144.0,東南,,
PS,友誼大橋南,2026-06-01T04:10:00,,,,12.2,8.3,,,,SSE,154.0,東南偏南,,
PV,西灣大橋,2026-06-01T04:10:00,,,,10.4,7.6,,,,SSE,160.0,東南偏南,,
TG,大潭山,2026-06-01T04:10:00,26.8,87.0,24.5,11.9,6.5,0.0,0.0,0.0,SE,149.0,東南,1009.1,996.1
UM,澳門大學,2026-06-01T04:10:00,27.7,85.0,24.9,8.6,3.2,0.0,0.0,0.0,SE,147.0,東南,1008.9,1008.2
DC,路環市區,2026-06-01T05:30:00,28.1,82.0,24.8,7.9,3.6,0.0,0.0,0.0,SE,122.0,東南,,
DP,紀念孫中山市政公園,2026-06-01T05:30:00,28.0,83.0,24.8,12.6,5.0,0.0,0.0,0.0,S,177.0,南,,
EM,黑沙環,2026-06-01T05:30:00,28.1,83.0,24.9,10.8,7.2,0.0,0.0,0.0,SE,140.0,東南,,
FM,大炮台,2026-06-01T05:30:00,27.5,82.0,24.2,7.9,3.6,0.0,0.0,0.0,SE,138.0,東南,,
JA,東亞運大馬路,2026-06-01T05:30:00,27.9,84.0,24.9,10.4,6.5,0.0,0.0,0.0,SE,138.0,東南,1009.1,1008.4
KV,九澳,2026-06-01T05:30:00,27.1,86.0,24.6,9.0,4.7,0.0,0.0,0.0,SSE,152.0,東南偏南,1009.4,1006.1
MM,媽閣,2026-06-01T05:30:00,28.1,81.0,24.5,6.8,1.8,0.0,0.0,0.0,S,165.0,南,1009.4,1007.5
MN,澳門大橋北,2026-06-01T05:30:00,,,,15.8,13.0,,,,SE,140.0,東南,,
MS,澳門大橋南,2026-06-01T05:30:00,,,,15.8,11.9,,,,SE,139.0,東南,,
PE,外港,2026-06-01T05:30:00,27.8,85.0,24.9,12.6,10.8,0.0,0.0,0.0,SE,140.0,東南,1009.0,1007.1
PG,嘉樂庇總督大橋,2026-06-01T05:30:00,,,,13.3,10.4,,,,SE,128.0,東南,,
PL,蓮花大橋,2026-06-01T05:30:00,,,,11.2,7.9,,,,SE,127.0,東南,,
PN,友誼大橋北,2026-06-01T05:30:00,,,,14.0,11.5,,,,SE,140.0,東南,,
PS,友誼大橋南,2026-06-01T05:30:00,,,,13.7,10.8,,,,SE,145.0,東南,,
PV,西灣大橋,2026-06-01T05:30:00,,,,11.2,6.5,,,,SE,147.0,東南,,
TG,大潭山,2026-06-01T05:30:00,26.4,91.0,24.7,11.2,5.0,0.0,0.0,0.0,S,165.0,南,1009.2,996.2
UM,澳門大學,2026-06-01T05:30:00,27.7,86.0,25.1,10.4,6.5,0.0,0.0,0.0,SE,131.0,東南,1008.9,1008.2
DC,路環市區,2026-06-01T06:30:00,28.3,81.0,24.8,10.8,4.7,0.0,0.0,0.0,E,100.0,東,,
DP,紀念孫中山市政公園,2026-06-01T06:30:00,28.3,81.0,24.8,9.4,4.0,0.0,0.0,0.0,S,180.0,南,,
EM,黑沙環,2026-06-01T06:30:00,28.2,81.0,24.7,11.5,7.6,0.0,0.0,0.0,SE,143.0,東南,,
FM,大炮台,2026-06-01T06:30:00,27.6,82.0,24.2,10.8,4.7,0.0,0.0,0.0,SE,129.0,東南,,
JA,東亞運大馬路,2026-06-01T06:30:00,28.0,84.0,25.0,11.9,6.5,0.0,0.0,0.0,SE,148.0,東南,1009.7,1009.0
KV,九澳,2026-06-01T06:30:00,27.5,84.0,24.6,11.5,6.5,0.0,0.0,0.0,SE,133.0,東南,1009.9,1006.6
MM,媽閣,2026-06-01T06:30:00,28.1,82.0,24.6,6.1,2.9,0.0,0.0,0.0,SW,221.0,西南,1009.9,1008.0
MN,澳門大橋北,2026-06-01T06:30:00,,,,16.2,12.2,,,,SE,144.0,東南,,
MS,澳門大橋南,2026-06-01T06:30:00,,,,16.9,12.6,,,,SE,141.0,東南,,
PE,外港,2026-06-01T06:30:00,27.9,84.0,24.9,13.0,10.4,0.0,0.0,0.0,SE,147.0,東南,1009.5,1007.6
PG,嘉樂庇總督大橋,2026-06-01T06:30:00,,,,13.7,11.9,,,,SE,127.0,東南,,
PL,蓮花大橋,2026-06-01T06:30:00,,,,13.3,9.7,,,,ESE,109.0,東南偏東,,
PN,友誼大橋北,2026-06-01T06:30:00,,,,12.6,10.4,,,,SE,145.0,東南,,
PS,友誼大橋南,2026-06-01T06:30:00,,,,16.6,14.8,,,,SE,144.0,東南,,
PV,西灣大橋,2026-06-01T06:30:00,,,,14.0,9.0,,,,SE,133.0,東南,,
TG,大潭山,2026-06-01T06:30:00,26.8,88.0,24.7,13.0,6.5,0.0,0.0,0.0,SE,148.0,東南,1009.7,996.7
UM,澳門大學,2026-06-01T06:30:00,27.9,84.0,25.0,12.2,7.2,0.0,0.0,0.0,SE,123.0,東南,1009.5,1008.8
DC,路環市區,2026-06-01T07:35:00,28.5,79.0,24.5,11.9,5.8,0.0,0.0,0.0,ESE,108.0,東南偏東,,
DP,紀念孫中山市政公園,2026-06-01T07:35:00,28.8,79.0,24.7,10.4,4.3,0.0,0.0,0.0,S,189.0,南,,
EM,黑沙環,2026-06-01T07:35:00,28.9,77.0,24.4,14.4,9.7,0.0,0.0,0.0,SE,136.0,東南,,
FM,大炮台,2026-06-01T07:35:00,28.0,78.0,23.8,10.8,4.7,0.0,0.0,0.0,ESE,116.0,東南偏東,,
JA,東亞運大馬路,2026-06-01T07:35:00,28.4,81.0,24.8,12.6,7.2,0.0,0.0,0.0,SE,148.0,東南,1010.1,1009.4
KV,九澳,2026-06-01T07:35:00,28.1,80.0,24.4,12.6,6.5,0.0,0.0,0.0,SE,125.0,東南,1010.4,1007.1
MM,媽閣,2026-06-01T07:35:00,28.3,79.0,24.4,10.1,3.6,0.0,0.0,0.0,NW,313.0,西北,1010.4,1008.5
MN,澳門大橋北,2026-06-01T07:35:00,,,,19.1,16.6,,,,SE,128.0,東南,,
MS,澳門大橋南,2026-06-01T07:35:00,,,,20.5,16.2,,,,SE,124.0,東南,,
PE,外港,2026-06-01T07:35:00,28.7,77.0,24.3,16.6,12.6,0.0,0.0,0.0,SE,139.0,東南,1010.0,1008.1
PG,嘉樂庇總督大橋,2026-06-01T07:35:00,,,,20.2,15.1,,,,SE,133.0,東南,,
PL,蓮花大橋,2026-06-01T07:35:00,,,,15.1,11.2,,,,ESE,116.0,東南偏東,,
PN,友誼大橋北,2026-06-01T07:35:00,,,,18.4,15.8,,,,SE,131.0,東南,,
PS,友誼大橋南,2026-06-01T07:35:00,,,,20.2,17.3,,,,SE,132.0,東南,,
PV,西灣大橋,2026-06-01T07:35:00,,,,19.8,14.0,,,,SE,125.0,東南,,
TG,大潭山,2026-06-01T07:35:00,27.6,83.0,24.5,12.6,6.8,0.0,0.0,0.0,SE,135.0,東南,1010.1,997.2
UM,澳門大學,2026-06-01T07:35:00,28.3,82.0,24.9,16.6,9.4,0.0,0.0,0.0,E,94.0,東,1010.0,1009.3
DC,路環市區,2026-06-01T09:50:00,30.0,72.0,24.4,13.7,7.2,0.0,0.0,0.0,E,98.0,東,,
DP,紀念孫中山市政公園,2026-06-01T09:50:00,30.5,72.0,24.9,14.0,5.8,0.0,0.0,0.0,ESE,117.0,東南偏東,,
EM,黑沙環,2026-06-01T09:50:00,29.3,74.0,24.2,14.8,9.7,0.0,0.0,0.0,SE,140.0,東南,,
FM,大炮台,2026-06-01T09:50:00,29.3,73.0,24.0,17.3,8.3,0.0,0.0,0.0,ESE,103.0,東南偏東,,
JA,東亞運大馬路,2026-06-01T09:50:00,29.9,75.0,25.1,15.8,9.0,0.0,0.0,0.0,SSE,151.0,東南偏南,1010.8,1010.1
KV,九澳,2026-06-01T09:50:00,29.8,75.0,24.8,16.9,9.7,0.0,0.0,0.0,ESE,109.0,東南偏東,1011.1,1007.9
MM,媽閣,2026-06-01T09:50:00,29.2,75.0,24.3,18.0,9.4,0.0,0.0,0.0,ESE,116.0,東南偏東,1011.1,1009.2
MN,澳門大橋北,2026-06-01T09:50:00,,,,15.5,11.9,,,,SE,122.0,東南,,
MS,澳門大橋南,2026-06-01T09:50:00,,,,19.8,15.1,,,,ESE,110.0,東南偏東,,
PE,外港,2026-06-01T09:50:00,29.2,75.0,24.2,15.1,11.2,0.0,0.0,0.0,ESE,107.0,東南偏東,1010.7,1008.8
PG,嘉樂庇總督大橋,2026-06-01T09:50:00,,,,23.0,14.4,,,,ESE,112.0,東南偏東,,
PL,蓮花大橋,2026-06-01T09:50:00,,,,17.3,12.6,,,,ESE,112.0,東南偏東,,
PN,友誼大橋北,2026-06-01T09:50:00,,,,15.5,12.6,,,,ESE,119.0,東南偏東,,
PS,友誼大橋南,2026-06-01T09:50:00,,,,18.0,15.5,,,,ESE,119.0,東南偏東,,
PV,西灣大橋,2026-06-01T09:50:00,,,,17.3,11.9,,,,ESE,107.0,東南偏東,,
TG,大潭山,2026-06-01T09:50:00,28.9,80.0,25.1,15.1,7.9,0.0,0.0,0.0,E,95.0,東,1010.8,997.9
UM,澳門大學,2026-06-01T09:50:00,29.6,77.0,25.1,12.6,8.6,0.0,0.0,0.0,SE,130.0,東南,1010.7,1010.0
DC,路環市區,2026-06-01T15:10:00,31.6,68.0,25.0,7.6,3.2,0.0,0.0,0.0,SE,125.0,東南,,
DP,紀念孫中山市政公園,2026-06-01T15:10:00,30.6,70.0,24.7,12.6,4.0,0.0,0.0,0.0,SSE,154.0,東南偏南,,
EM,黑沙環,2026-06-01T15:10:00,31.1,68.0,24.5,24.1,14.0,0.0,0.0,0.0,SE,144.0,東南,,
FM,大炮台,2026-06-01T15:10:00,31.2,66.0,24.2,14.8,7.6,0.0,0.0,0.0,S,184.0,南,,
JA,東亞運大馬路,2026-06-01T15:10:00,30.6,72.0,25.0,26.3,11.2,0.0,0.0,0.0,SE,145.0,東南,1008.0,1007.3
KV,九澳,2026-06-01T15:10:00,30.7,72.0,25.1,24.8,16.2,0.0,0.0,0.0,S,183.0,南,1008.2,1005.0
MM,媽閣,2026-06-01T15:10:00,30.2,71.0,24.4,22.7,10.8,0.0,0.0,0.0,S,179.0,南,1008.2,1006.3
MN,澳門大橋北,2026-06-01T15:10:00,,,,24.1,16.2,,,,SSE,160.0,東南偏南,,
MS,澳門大橋南,2026-06-01T15:10:00,,,,31.0,20.9,,,,SSE,160.0,東南偏南,,
PE,外港,2026-06-01T15:10:00,31.1,68.0,24.5,26.3,21.2,0.0,0.0,0.0,SSE,151.0,東南偏南,1007.7,1005.9
PG,嘉樂庇總督大橋,2026-06-01T15:10:00,,,,26.3,21.6,,,,S,173.0,南,,
PL,蓮花大橋,2026-06-01T15:10:00,,,,28.8,24.1,,,,S,170.0,南,,
PN,友誼大橋北,2026-06-01T15:10:00,,,,25.2,19.8,,,,SSE,158.0,東南偏南,,
PS,友誼大橋南,2026-06-01T15:10:00,,,,26.3,19.4,,,,SSE,159.0,東南偏南,,
PV,西灣大橋,2026-06-01T15:10:00,,,,24.8,17.3,,,,SSE,159.0,東南偏南,,
TG,大潭山,2026-06-01T15:10:00,30.0,76.0,25.3,27.4,10.8,0.0,0.0,0.0,SE,122.0,東南,1007.8,995.0
UM,澳門大學,2026-06-01T15:10:00,30.3,74.0,25.1,23.8,13.7,0.0,0.0,0.0,S,167.0,南,1007.9,1007.2
DC,路環市區,2026-06-01T21:10:00,29.3,79.0,25.3,4.0,1.4,0.0,0.0,0.0,S,183.0,南,,
DP,紀念孫中山市政公園,2026-06-01T21:10:00,29.1,78.0,24.9,13.0,4.7,0.0,0.0,0.0,W,260.0,西,,
EM,黑沙環,2026-06-01T21:10:00,29.4,77.0,25.0,12.6,8.6,0.0,0.0,0.0,SE,135.0,東南,,
FM,大炮台,2026-06-01T21:10:00,28.7,78.0,24.5,12.2,4.7,0.0,0.0,0.0,SSW,191.0,西南偏南,,
JA,東亞運大馬路,2026-06-01T21:10:00,28.9,81.0,25.3,9.4,4.3,0.0,0.0,0.0,S,173.0,南,1008.6,1007.9
KV,九澳,2026-06-01T21:10:00,27.6,87.0,25.3,11.2,6.5,0.0,0.0,0.0,SSW,199.0,西南偏南,1008.9,1005.6
MM,媽閣,2026-06-01T21:10:00,29.1,78.0,24.9,9.7,5.4,0.0,0.0,0.0,S,166.0,南,1008.9,1007.0
MN,澳門大橋北,2026-06-01T21:10:00,,,,12.6,8.3,,,,SSW,199.0,西南偏南,,
MS,澳門大橋南,2026-06-01T21:10:00,,,,13.7,9.4,,,,SW,213.0,西南,,
PE,外港,2026-06-01T21:10:00,28.9,79.0,25.0,15.8,11.9,0.0,0.0,0.0,S,166.0,南,1008.4,1006.5
PG,嘉樂庇總督大橋,2026-06-01T21:10:00,,,,13.0,10.1,,,,SSW,198.0,西南偏南,,
PL,蓮花大橋,2026-06-01T21:10:00,,,,13.3,9.0,,,,SSW,195.0,西南偏南,,
PN,友誼大橋北,2026-06-01T21:10:00,,,,13.0,9.0,,,,SSW,205.0,西南偏南,,
PS,友誼大橋南,2026-06-01T21:10:00,,,,14.0,10.1,,,,SW,218.0,西南,,
PV,西灣大橋,2026-06-01T21:10:00,,,,10.1,6.1,,,,S,186.0,南,,
TG,大潭山,2026-06-01T21:10:00,27.7,86.0,25.0,11.9,6.1,0.0,0.0,0.0,SSW,198.0,西南偏南,1008.7,995.7
UM,澳門大學,2026-06-01T21:10:00,28.8,81.0,25.3,9.4,4.7,0.0,0.0,0.0,SW,218.0,西南,1008.5,1007.8
DC,路環市區,2026-06-02T03:05:00,28.4,84.0,25.6,1.8,0.4,0.0,0.0,0.0,W,271.0,西,,
DP,紀念孫中山市政公園,2026-06-02T03:05:00,28.8,81.0,25.1,9.4,3.6,0.0,0.0,0.0,W,261.0,西,,
EM,黑沙環,2026-06-02T03:05:00,29.0,80.0,25.1,10.1,5.8,0.0,0.0,0.0,SE,136.0,東南,,
FM,大炮台,2026-06-02T03:05:00,28.4,80.0,24.6,10.1,6.5,0.0,0.0,0.0,SSW,206.0,西南偏南,,
JA,東亞運大馬路,2026-06-02T03:05:00,28.6,83.0,25.4,5.8,3.2,0.0,0.0,0.0,SE,126.0,東南,1007.7,1007.0
KV,九澳,2026-06-02T03:05:00,27.7,89.0,25.6,10.8,5.8,0.0,0.0,0.0,SSW,205.0,西南偏南,1007.9,1004.6
MM,媽閣,2026-06-02T03:05:00,28.7,81.0,25.0,8.3,4.7,0.0,0.0,0.0,SSW,193.0,西南偏南,1007.9,1006.0
MN,澳門大橋北,2026-06-02T03:05:00,,,,13.0,10.4,,,,SSW,197.0,西南偏南,,
MS,澳門大橋南,2026-06-02T03:05:00,,,,16.9,13.0,,,,SSW,208.0,西南偏南,,
PE,外港,2026-06-02T03:05:00,28.6,81.0,25.1,14.8,8.3,0.0,0.0,0.0,SSE,158.0,東南偏南,1007.5,1005.6
PG,嘉樂庇總督大橋,2026-06-02T03:05:00,,,,7.2,5.8,,,,SW,212.0,西南,,
PL,蓮花大橋,2026-06-02T03:05:00,,,,12.2,8.6,,,,SSW,195.0,西南偏南,,
PN,友誼大橋北,2026-06-02T03:05:00,,,,10.1,7.6,,,,SSW,209.0,西南偏南,,
PS,友誼大橋南,2026-06-02T03:05:00,,,,13.0,9.0,,,,SW,213.0,西南,,
PV,西灣大橋,2026-06-02T03:05:00,,,,8.3,4.3,,,,SW,232.0,西南,,
TG,大潭山,2026-06-02T03:05:00,27.4,88.0,25.2,9.4,4.3,0.0,0.0,0.0,SW,213.0,西南,1007.7,994.8
UM,澳門大學,2026-06-02T03:05:00,28.4,84.0,25.4,7.2,2.5,0.0,0.0,0.0,SSW,206.0,西南偏南,1007.5,1006.8
DC,路環市區,2026-06-02T06:10:00,28.2,85.0,25.5,2.5,0.4,0.0,0.0,0.0,WSW,242.0,西南偏西,,
DP,紀念孫中山市政公園,2026-06-02T06:10:00,28.3,83.0,25.1,6.5,1.4,0.0,0.0,0.0,W,276.0,西,,
EM,黑沙環,2026-06-02T06:10:00,29.2,78.0,25.0,8.3,1.4,0.0,0.0,0.0,W,277.0,西,,
FM,大炮台,2026-06-02T06:10:00,28.1,82.0,24.7,8.6,2.2,0.0,0.0,0.0,WSW,246.0,西南偏西,,
JA,東亞運大馬路,2026-06-02T06:10:00,28.0,86.0,25.3,3.6,0.4,0.0,0.0,0.0,SW,227.0,西南,1007.8,1007.1
KV,九澳,2026-06-02T06:10:00,26.7,92.0,25.2,10.1,4.7,0.0,0.0,0.0,SW,211.0,西南,1008.0,1004.7
MM,媽閣,2026-06-02T06:10:00,28.1,85.0,25.3,4.3,1.4,0.0,0.0,0.0,E,93.0,東,1008.0,1006.1
MN,澳門大橋北,2026-06-02T06:10:00,,,,7.9,6.5,,,,WSW,253.0,西南偏西,,
MS,澳門大橋南,2026-06-02T06:10:00,,,,7.2,4.7,,,,WNW,281.0,西北偏西,,
PE,外港,2026-06-02T06:10:00,28.6,81.0,24.9,12.6,8.3,0.0,0.0,0.0,S,189.0,南,1007.6,1005.7
PG,嘉樂庇總督大橋,2026-06-02T06:10:00,,,,7.9,5.8,,,,WSW,255.0,西南偏西,,
PL,蓮花大橋,2026-06-02T06:10:00,,,,6.8,4.3,,,,WSW,254.0,西南偏西,,
PN,友誼大橋北,2026-06-02T06:10:00,,,,9.0,7.9,,,,SW,239.0,西南,,
PS,友誼大橋南,2026-06-02T06:10:00,,,,7.9,5.8,,,,WSW,259.0,西南偏西,,
PV,西灣大橋,2026-06-02T06:10:00,,,,9.0,6.8,,,,SW,235.0,西南,,
TG,大潭山,2026-06-02T06:10:00,27.4,86.0,24.8,8.3,4.7,0.0,0.0,0.0,SW,213.0,西南,1007.9,994.9
UM,澳門大學,2026-06-02T06:10:00,27.8,87.0,25.4,4.0,0.4,0.0,0.0,0.0,S,190.0,南,1007.6,1006.9
DC,路環市區,2026-06-02T07:45:00,29.6,80.0,25.9,6.8,2.5,0.0,0.0,0.0,SSW,204.0,西南偏南,,
DP,紀念孫中山市政公園,2026-06-02T07:45:00,29.4,79.0,25.4,12.6,4.7,0.0,0.0,0.0,WSW,249.0,西南偏西,,
EM,黑沙環,2026-06-02T07:45:00,29.6,78.0,25.3,13.0,6.5,0.0,0.0,0.0,S,175.0,南,,
FM,大炮台,2026-06-02T07:45:00,29.0,80.0,25.1,15.5,8.6,0.0,0.0,0.0,SW,213.0,西南,,
JA,東亞運大馬路,2026-06-02T07:45:00,29.7,80.0,26.0,6.8,3.6,0.0,0.0,0.0,S,170.0,南,1007.9,1007.2
KV,九澳,2026-06-02T07:45:00,30.1,80.0,26.1,15.5,8.6,0.0,0.0,0.0,SSW,200.0,西南偏南,1008.1,1004.9
MM,媽閣,2026-06-02T07:45:00,29.2,80.0,25.4,10.4,6.1,0.0,0.0,0.0,S,180.0,南,1008.2,1006.3
MN,澳門大橋北,2026-06-02T07:45:00,,,,9.4,6.5,,,,WSW,242.0,西南偏西,,
MS,澳門大橋南,2026-06-02T07:45:00,,,,9.0,6.5,,,,WSW,248.0,西南偏西,,
PE,外港,2026-06-02T07:45:00,29.9,77.0,25.4,15.8,11.5,0.0,0.0,0.0,SSE,154.0,東南偏南,1007.7,1005.9
PG,嘉樂庇總督大橋,2026-06-02T07:45:00,,,,12.6,9.4,,,,WSW,246.0,西南偏西,,
PL,蓮花大橋,2026-06-02T07:45:00,,,,9.7,6.5,,,,SW,233.0,西南,,
PN,友誼大橋北,2026-06-02T07:45:00,,,,9.7,7.9,,,,SW,215.0,西南,,
PS,友誼大橋南,2026-06-02T07:45:00,,,,7.9,6.1,,,,WSW,246.0,西南偏西,,
PV,西灣大橋,2026-06-02T07:45:00,,,,11.2,9.0,,,,WSW,248.0,西南偏西,,
TG,大潭山,2026-06-02T07:45:00,28.8,83.0,25.6,11.2,5.0,0.0,0.0,0.0,S,181.0,南,1008.0,995.1
UM,澳門大學,2026-06-02T07:45:00,29.2,81.0,25.6,7.2,1.4,0.0,0.0,0.0,SSW,202.0,西南偏南,1007.7,1007.0
DC,路環市區,2026-06-02T12:50:00,32.3,69.0,25.9,7.9,3.6,0.0,0.0,0.0,S,161.0,南,,
DP,紀念孫中山市政公園,2026-06-02T12:50:00,32.4,69.0,26.0,16.2,5.4,0.0,0.0,0.0,SW,236.0,西南,,
EM,黑沙環,2026-06-02T12:50:00,32.6,69.0,26.2,18.4,9.7,0.0,0.0,0.0,SE,142.0,東南,,
FM,大炮台,2026-06-02T12:50:00,33.0,66.0,25.7,16.9,7.9,0.0,0.0,0.0,SW,225.0,西南,,
JA,東亞運大馬路,2026-06-02T12:50:00,30.7,77.0,26.2,19.8,9.0,0.0,0.0,0.6,SE,127.0,東南,1007.1,1006.4
KV,九澳,2026-06-02T12:50:00,32.8,72.0,27.2,20.9,13.7,0.0,0.0,0.0,SSW,192.0,西南偏南,1007.3,1004.1
MM,媽閣,2026-06-02T12:50:00,31.9,70.0,25.6,15.5,10.1,0.0,0.0,0.0,S,175.0,南,1007.2,1005.4
MN,澳門大橋北,2026-06-02T12:50:00,,,,11.2,7.2,,,,S,184.0,南,,
MS,澳門大橋南,2026-06-02T12:50:00,,,,22.0,14.8,,,,SSW,209.0,西南偏南,,
PE,外港,2026-06-02T12:50:00,34.1,65.0,26.5,20.9,15.8,0.0,0.0,0.0,S,162.0,南,1006.8,1004.9
PG,嘉樂庇總督大橋,2026-06-02T12:50:00,,,,16.6,12.2,,,,SSW,210.0,西南偏南,,
PL,蓮花大橋,2026-06-02T12:50:00,,,,27.7,23.8,,,,S,169.0,南,,
PN,友誼大橋北,2026-06-02T12:50:00,,,,10.4,9.0,,,,SSW,191.0,西南偏南,,
PS,友誼大橋南,2026-06-02T12:50:00,,,,18.7,7.9,,,,SSW,201.0,西南偏南,,
PV,西灣大橋,2026-06-02T12:50:00,,,,14.8,11.5,,,,S,180.0,南,,
TG,大潭山,2026-06-02T12:50:00,30.4,78.0,26.2,20.9,13.0,0.0,0.0,0.0,S,187.0,南,1007.0,994.3
UM,澳門大學,2026-06-02T12:50:00,30.1,79.0,26.1,22.3,14.4,0.0,0.0,0.0,S,172.0,南,1007.0,1006.3
DC,路環市區,2026-06-02T17:10:00,32.1,70.0,26.0,11.2,5.0,0.0,0.0,0.0,S,169.0,南,,
DP,紀念孫中山市政公園,2026-06-02T17:10:00,31.2,73.0,25.7,19.4,8.6,0.0,0.0,0.0,SW,229.0,西南,,
EM,黑沙環,2026-06-02T17:10:00,31.6,70.0,25.6,18.4,10.1,0.0,0.0,0.0,SE,140.0,東南,,
FM,大炮台,2026-06-02T17:10:00,31.8,68.0,25.1,23.0,10.8,0.0,0.0,0.0,SW,237.0,西南,,
JA,東亞運大馬路,2026-06-02T17:10:00,31.0,75.0,26.0,15.1,7.9,0.0,0.0,0.6,S,166.0,南,1004.7,1004.0
KV,九澳,2026-06-02T17:10:00,30.4,78.0,26.2,31.7,16.2,0.0,0.0,0.0,SSW,198.0,西南偏南,1004.8,1001.6
MM,媽閣,2026-06-02T17:10:00,30.9,73.0,25.4,23.8,14.8,0.0,0.0,0.0,SSW,199.0,西南偏南,1004.9,1003.1
MN,澳門大橋北,2026-06-02T17:10:00,,,,27.4,21.2,,,,SSW,202.0,西南偏南,,
MS,澳門大橋南,2026-06-02T17:10:00,,,,28.1,18.4,,,,SSW,204.0,西南偏南,,
PE,外港,2026-06-02T17:10:00,31.8,70.0,25.7,30.6,23.0,0.0,0.0,0.0,S,170.0,南,1004.4,1002.5
PG,嘉樂庇總督大橋,2026-06-02T17:10:00,,,,25.6,18.0,,,,S,188.0,南,,
PL,蓮花大橋,2026-06-02T17:10:00,,,,28.4,22.3,,,,S,185.0,南,,
PN,友誼大橋北,2026-06-02T17:10:00,,,,29.9,24.1,,,,SSW,201.0,西南偏南,,
PS,友誼大橋南,2026-06-02T17:10:00,,,,32.4,26.6,,,,SW,225.0,西南,,
PV,西灣大橋,2026-06-02T17:10:00,,,,27.4,18.4,,,,SW,231.0,西南,,
TG,大潭山,2026-06-02T17:10:00,29.8,77.0,25.3,25.6,11.9,0.0,0.0,0.0,SSW,192.0,西南偏南,1004.6,991.9
UM,澳門大學,2026-06-02T17:10:00,30.8,75.0,26.0,23.0,11.9,0.0,0.0,0.0,S,190.0,南,1004.5,1003.8
DC,路環市區,2026-06-02T20:50:00,30.1,78.0,25.9,10.4,2.5,0.0,0.0,0.0,SSW,196.0,西南偏南,,
DP,紀念孫中山市政公園,2026-06-02T20:50:00,30.0,78.0,25.8,17.6,9.0,0.0,0.0,0.0,WSW,244.0,西南偏西,,
EM,黑沙環,2026-06-02T20:50:00,30.3,76.0,25.6,17.6,8.6,0.0,0.0,0.0,SSW,191.0,西南偏南,,
FM,大炮台,2026-06-02T20:50:00,29.6,78.0,25.4,14.4,7.9,0.0,0.0,0.0,SSW,204.0,西南偏南,,
JA,東亞運大馬路,2026-06-02T20:50:00,29.6,80.0,25.9,7.6,4.0,0.0,0.0,0.6,SSE,158.0,東南偏南,1006.2,1005.5
KV,九澳,2026-06-02T20:50:00,28.6,86.0,26.0,18.4,9.4,0.0,0.0,0.0,SSW,207.0,西南偏南,1006.4,1003.2
MM,媽閣,2026-06-02T20:50:00,29.8,79.0,25.8,16.9,10.1,0.0,0.0,1.2,S,189.0,南,1006.4,1004.6
MN,澳門大橋北,2026-06-02T20:50:00,,,,23.4,15.8,,,,SSW,208.0,西南偏南,,
MS,澳門大橋南,2026-06-02T20:50:00,,,,24.1,13.0,,,,SSW,210.0,西南偏南,,
PE,外港,2026-06-02T20:50:00,29.7,79.0,25.8,20.2,15.8,0.0,0.0,0.0,S,164.0,南,1006.0,1004.1
PG,嘉樂庇總督大橋,2026-06-02T20:50:00,,,,20.2,13.7,,,,SW,218.0,西南,,
PL,蓮花大橋,2026-06-02T20:50:00,,,,16.9,11.5,,,,SSW,207.0,西南偏南,,
PN,友誼大橋北,2026-06-02T20:50:00,,,,19.4,16.2,,,,SSW,201.0,西南偏南,,
PS,友誼大橋南,2026-06-02T20:50:00,,,,22.7,14.8,,,,SW,223.0,西南,,
PV,西灣大橋,2026-06-02T20:50:00,,,,14.0,10.4,,,,SW,216.0,西南,,
TG,大潭山,2026-06-02T20:50:00,28.4,84.0,25.5,17.6,9.4,0.0,0.0,0.0,SSW,200.0,西南偏南,1006.2,993.4
UM,澳門大學,2026-06-02T20:50:00,29.5,81.0,25.8,13.7,8.3,0.0,0.0,0.0,SW,224.0,西南,1006.1,1005.4
DC,路環市區,2026-06-03T01:40:00,29.0,83.0,25.7,5.4,2.2,0.0,0.0,0.0,W,275.0,西,,
DP,紀念孫中山市政公園,2026-06-03T01:40:00,29.2,81.0,25.6,7.6,1.4,0.0,0.0,0.0,WNW,285.0,西北偏西,,
EM,黑沙環,2026-06-03T01:40:00,29.7,77.0,25.3,10.8,5.4,0.0,0.0,0.0,NNE,26.0,東北偏北,,
FM,大炮台,2026-06-03T01:40:00,28.9,79.0,24.9,13.7,6.1,0.0,0.0,0.0,SSW,201.0,西南偏南,,
JA,東亞運大馬路,2026-06-03T01:40:00,28.6,84.0,25.7,0.0,0.0,0.0,0.0,0.0,S,164.0,南,1005.8,1005.1
KV,九澳,2026-06-03T01:40:00,27.7,89.0,25.8,10.1,5.8,0.0,0.0,0.0,SW,213.0,西南,1005.9,1002.7
MM,媽閣,2026-06-03T01:40:00,29.2,80.0,25.4,11.9,6.8,0.0,0.0,0.0,SSW,191.0,西南偏南,1006.0,1004.1
MN,澳門大橋北,2026-06-03T01:40:00,,,,15.8,13.3,,,,SW,232.0,西南,,
MS,澳門大橋南,2026-06-03T01:40:00,,,,12.6,7.2,,,,SW,223.0,西南,,
PE,外港,2026-06-03T01:40:00,29.1,81.0,25.4,16.6,10.8,0.0,0.0,0.0,S,168.0,南,1005.5,1003.7
PG,嘉樂庇總督大橋,2026-06-03T01:40:00,,,,14.8,9.0,,,,SW,220.0,西南,,
PL,蓮花大橋,2026-06-03T01:40:00,,,,11.5,7.9,,,,SW,230.0,西南,,
PN,友誼大橋北,2026-06-03T01:40:00,,,,15.1,12.6,,,,SW,218.0,西南,,
PS,友誼大橋南,2026-06-03T01:40:00,,,,15.1,11.5,,,,SW,232.0,西南,,
PV,西灣大橋,2026-06-03T01:40:00,,,,13.0,9.0,,,,SW,217.0,西南,,
TG,大潭山,2026-06-03T01:40:00,27.9,86.0,25.3,11.5,6.8,0.0,0.0,0.0,SSW,204.0,西南偏南,1005.7,992.9
UM,澳門大學,2026-06-03T01:40:00,29.0,82.0,25.6,7.9,4.0,0.0,0.0,0.0,SW,227.0,西南,1005.5,1004.9
DC,路環市區,2026-06-03T05:15:00,28.6,84.0,25.7,1.8,0.4,0.0,0.0,0.0,SE,146.0,東南,,
DP,紀念孫中山市政公園,2026-06-03T05:15:00,28.7,84.0,25.7,5.4,1.1,0.0,0.0,0.0,SW,234.0,西南,,
EM,黑沙環,2026-06-03T05:15:00,29.3,80.0,25.5,10.1,2.2,0.0,0.0,0.0,S,177.0,南,,
FM,大炮台,2026-06-03T05:15:00,28.5,82.0,25.2,8.6,5.0,0.0,0.0,0.0,S,181.0,南,,
JA,東亞運大馬路,2026-06-03T05:15:00,28.3,85.0,25.6,5.4,2.2,0.0,0.0,0.0,S,167.0,南,1005.5,1004.8
KV,九澳,2026-06-03T05:15:00,27.0,91.0,25.5,7.6,3.6,0.0,0.0,0.0,SW,219.0,西南,1005.7,1002.5
MM,媽閣,2026-06-03T05:15:00,28.7,83.0,25.6,9.0,5.0,0.0,0.0,0.0,S,180.0,南,1005.6,1003.8
MN,澳門大橋北,2026-06-03T05:15:00,,,,11.2,8.3,,,,WSW,240.0,西南偏西,,
MS,澳門大橋南,2026-06-03T05:15:00,,,,6.8,5.4,,,,WSW,240.0,西南偏西,,
PE,外港,2026-06-03T05:15:00,28.7,83.0,25.4,15.1,10.4,0.0,0.0,0.0,SSE,157.0,東南偏南,1005.2,1003.3
PG,嘉樂庇總督大橋,2026-06-03T05:15:00,,,,5.0,2.5,,,,SSW,195.0,西南偏南,,
PL,蓮花大橋,2026-06-03T05:15:00,,,,8.3,5.0,,,,SW,229.0,西南,,
PN,友誼大橋北,2026-06-03T05:15:00,,,,9.7,7.6,,,,SW,217.0,西南,,
PS,友誼大橋南,2026-06-03T05:15:00,,,,9.7,7.2,,,,SW,233.0,西南,,
PV,西灣大橋,2026-06-03T05:15:00,,,,5.8,3.2,,,,SSW,194.0,西南偏南,,
TG,大潭山,2026-06-03T05:15:00,27.6,87.0,25.2,10.8,6.1,0.0,0.0,0.0,SSW,209.0,西南偏南,1005.5,992.6
UM,澳門大學,2026-06-03T05:15:00,28.4,84.0,25.5,5.8,1.1,0.0,0.0,0.0,SW,234.0,西南,1005.3,1004.6
DC,路環市區,2026-06-03T07:05:00,29.7,80.0,26.0,2.9,0.7,0.0,0.0,0.0,S,169.0,南,,
DP,紀念孫中山市政公園,2026-06-03T07:05:00,29.2,81.0,25.7,11.9,3.6,0.0,0.0,0.0,WSW,251.0,西南偏西,,
EM,黑沙環,2026-06-03T07:05:00,29.8,79.0,25.7,10.8,6.8,0.0,0.0,0.0,SE,142.0,東南,,
FM,大炮台,2026-06-03T07:05:00,29.0,80.0,25.2,10.8,5.4,0.0,0.0,0.0,SW,222.0,西南,,
JA,東亞運大馬路,2026-06-03T07:05:00,29.4,82.0,26.0,6.8,1.1,0.0,0.0,0.0,SSE,150.0,東南偏南,1005.8,1005.1
KV,九澳,2026-06-03T07:05:00,28.7,86.0,26.1,11.9,4.3,0.0,0.0,0.0,SSW,191.0,西南偏南,1006.0,1002.8
MM,媽閣,2026-06-03T07:05:00,29.1,81.0,25.6,7.2,3.6,0.0,0.0,0.0,SW,215.0,西南,1006.0,1004.2
MN,澳門大橋北,2026-06-03T07:05:00,,,,13.0,10.1,,,,SW,211.0,西南,,
MS,澳門大橋南,2026-06-03T07:05:00,,,,15.1,11.9,,,,SSW,207.0,西南偏南,,
PE,外港,2026-06-03T07:05:00,29.7,78.0,25.5,14.8,8.6,0.0,0.0,0.0,S,168.0,南,1005.6,1003.8
PG,嘉樂庇總督大橋,2026-06-03T07:05:00,,,,6.8,5.0,,,,SW,219.0,西南,,
PL,蓮花大橋,2026-06-03T07:05:00,,,,14.0,9.7,,,,SSW,193.0,西南偏南,,
PN,友誼大橋北,2026-06-03T07:05:00,,,,11.2,8.6,,,,SW,220.0,西南,,
PS,友誼大橋南,2026-06-03T07:05:00,,,,15.5,9.0,,,,SW,226.0,西南,,
PV,西灣大橋,2026-06-03T07:05:00,,,,9.7,6.8,,,,SW,229.0,西南,,
TG,大潭山,2026-06-03T07:05:00,28.5,83.0,25.4,12.2,6.5,0.0,0.0,0.0,S,186.0,南,1005.8,993.0
UM,澳門大學,2026-06-03T07:05:00,29.3,81.0,25.7,13.3,7.9,0.0,0.0,0.0,SW,219.0,西南,1005.6,1004.9
DC,路環市區,2026-06-03T10:05:00,32.1,71.0,26.1,6.5,3.2,0.0,0.0,0.0,SSE,157.0,東南偏南,,
DP,紀念孫中山市政公園,2026-06-03T10:05:00,31.5,69.0,25.2,14.8,6.1,0.0,0.0,0.0,SW,222.0,西南,,
EM,黑沙環,2026-06-03T10:05:00,31.3,71.0,25.5,15.8,10.1,0.0,0.0,0.0,SE,142.0,東南,,
FM,大炮台,2026-06-03T10:05:00,31.4,68.0,24.8,18.0,8.3,0.0,0.0,0.0,S,181.0,南,,
JA,東亞運大馬路,2026-06-03T10:05:00,30.2,77.0,25.6,6.8,1.1,0.0,0.0,0.0,W,264.0,西,1006.1,1005.4
KV,九澳,2026-06-03T10:05:00,32.1,71.0,26.1,19.8,13.7,0.0,0.0,0.0,S,187.0,南,1006.4,1003.1
MM,媽閣,2026-06-03T10:05:00,30.5,72.0,25.0,15.5,10.8,0.0,0.0,0.0,S,170.0,南,1006.3,1004.4
MN,澳門大橋北,2026-06-03T10:05:00,,,,27.7,16.2,,,,SW,214.0,西南,,
MS,澳門大橋南,2026-06-03T10:05:00,,,,22.7,14.4,,,,SSW,208.0,西南偏南,,
PE,外港,2026-06-03T10:05:00,31.8,70.0,25.7,24.1,19.1,0.0,0.0,0.0,S,175.0,南,1005.8,1004.0
PG,嘉樂庇總督大橋,2026-06-03T10:05:00,,,,18.7,12.2,,,,S,182.0,南,,
PL,蓮花大橋,2026-06-03T10:05:00,,,,20.5,16.6,,,,S,168.0,南,,
PN,友誼大橋北,2026-06-03T10:05:00,,,,23.0,16.9,,,,SSW,200.0,西南偏南,,
PS,友誼大橋南,2026-06-03T10:05:00,,,,23.8,15.1,,,,SSW,208.0,西南偏南,,
PV,西灣大橋,2026-06-03T10:05:00,,,,,,,,,---,,---,,
TG,大潭山,2026-06-03T10:05:00,30.1,77.0,25.6,17.6,9.0,0.0,0.0,0.0,SSW,194.0,西南偏南,1006.1,993.3
UM,澳門大學,2026-06-03T10:05:00,30.9,78.0,26.6,17.6,10.8,0.0,0.0,0.0,S,166.0,南,1006.0,1005.3
DC,路環市區,2026-06-03T15:05:00,33.5,62.0,25.2,10.4,4.0,0.0,0.0,0.0,S,170.0,南,,
DP,紀念孫中山市政公園,2026-06-03T15:05:00,32.9,63.0,24.9,17.3,7.2,0.0,0.0,0.0,SSE,150.0,東南偏南,,
EM,黑沙環,2026-06-03T15:05:00,32.8,62.0,24.7,21.6,13.7,0.0,0.0,0.0,SE,143.0,東南,,
FM,大炮台,2026-06-03T15:05:00,32.8,63.0,24.7,15.1,7.6,0.0,0.0,0.0,S,163.0,南,,
JA,東亞運大馬路,2026-06-03T15:05:00,31.3,70.0,25.2,26.6,14.8,0.0,0.0,0.0,SE,138.0,東南,1003.5,1002.8
KV,九澳,2026-06-03T15:05:00,32.6,69.0,26.2,24.8,13.7,0.0,0.0,0.0,SSW,200.0,西南偏南,1003.8,1000.6
MM,媽閣,2026-06-03T15:05:00,32.4,63.0,24.4,20.2,13.7,0.0,0.0,0.0,S,185.0,南,1003.7,1001.9
MN,澳門大橋北,2026-06-03T15:05:00,,,,25.9,15.8,,,,S,167.0,南,,
MS,澳門大橋南,2026-06-03T15:05:00,,,,26.3,20.9,,,,S,165.0,南,,
PE,外港,2026-06-03T15:05:00,,,,,,,0.0,0.0,---,,---,,
PG,嘉樂庇總督大橋,2026-06-03T15:05:00,,,,26.6,19.4,,,,S,165.0,南,,
PL,蓮花大橋,2026-06-03T15:05:00,,,,29.5,24.5,,,,S,173.0,南,,
PN,友誼大橋北,2026-06-03T15:05:00,,,,26.6,18.4,,,,S,181.0,南,,
PS,友誼大橋南,2026-06-03T15:05:00,,,,24.8,20.2,,,,SSW,194.0,西南偏南,,
PV,西灣大橋,2026-06-03T15:05:00,,,,21.6,15.5,,,,S,163.0,南,,
TG,大潭山,2026-06-03T15:05:00,31.2,73.0,25.9,23.8,11.5,0.0,0.0,0.0,SSE,151.0,東南偏南,1003.5,990.8
UM,澳門大學,2026-06-03T15:05:00,31.2,74.0,26.0,27.7,15.8,0.0,0.0,0.0,S,166.0,南,1003.4,1002.7
DC,路環市區,2026-06-03T20:00:00,30.3,78.0,26.0,9.0,3.2,0.0,0.0,0.0,S,163.0,南,,
DP,紀念孫中山市政公園,2026-06-03T20:00:00,30.3,77.0,25.8,12.6,3.6,0.0,0.0,0.0,SW,229.0,西南,,
EM,黑沙環,2026-06-03T20:00:00,30.5,76.0,25.8,16.6,8.6,0.0,0.0,0.0,SSE,151.0,東南偏南,,
FM,大炮台,2026-06-03T20:00:00,29.9,77.0,25.3,13.3,6.5,0.0,0.0,0.0,SSW,197.0,西南偏南,,
JA,東亞運大馬路,2026-06-03T20:00:00,30.0,80.0,26.2,12.6,6.1,0.0,0.0,0.0,SSE,158.0,東南偏南,1003.6,1003.0
KV,九澳,2026-06-03T20:00:00,29.3,84.0,26.2,19.8,12.2,0.0,0.0,0.0,SSW,194.0,西南偏南,1003.8,1000.6
MM,媽閣,2026-06-03T20:00:00,30.1,77.0,25.6,16.9,8.6,0.0,0.0,0.0,S,182.0,南,1003.8,1002.0
MN,澳門大橋北,2026-06-03T20:00:00,,,,25.6,15.8,,,,S,188.0,南,,
MS,澳門大橋南,2026-06-03T20:00:00,,,,22.7,13.3,,,,S,177.0,南,,
PE,外港,2026-06-03T20:00:00,30.1,78.0,25.9,23.8,16.6,0.0,0.0,0.0,SSE,160.0,東南偏南,1003.3,1001.5
PG,嘉樂庇總督大橋,2026-06-03T20:00:00,,,,22.7,15.1,,,,SSW,199.0,西南偏南,,
PL,蓮花大橋,2026-06-03T20:00:00,,,,25.2,22.0,,,,S,174.0,南,,
PN,友誼大橋北,2026-06-03T20:00:00,,,,19.8,13.3,,,,S,183.0,南,,
PS,友誼大橋南,2026-06-03T20:00:00,,,,20.2,14.0,,,,S,189.0,南,,
PV,西灣大橋,2026-06-03T20:00:00,,,,25.9,17.3,,,,S,189.0,南,,
TG,大潭山,2026-06-03T20:00:00,28.7,84.0,25.6,17.6,8.3,0.0,0.0,0.0,S,179.0,南,1003.6,990.8
UM,澳門大學,2026-06-03T20:00:00,29.6,83.0,26.3,20.2,11.9,0.0,0.0,0.0,S,179.0,南,1003.4,1002.7
DC,路環市區,2026-06-04T01:05:00,29.6,81.0,26.0,9.4,3.2,0.0,0.0,0.0,S,174.0,南,,
DP,紀念孫中山市政公園,2026-06-04T01:05:00,29.6,80.0,25.7,10.1,3.2,0.0,0.0,0.0,WSW,245.0,西南偏西,,
EM,黑沙環,2026-06-04T01:05:00,29.9,78.0,25.7,13.3,6.1,0.0,0.0,0.0,S,178.0,南,,
FM,大炮台,2026-06-04T01:05:00,29.1,80.0,25.3,9.0,4.0,0.0,0.0,0.0,SSW,210.0,西南偏南,,
JA,東亞運大馬路,2026-06-04T01:05:00,29.1,83.0,26.0,6.8,4.0,0.0,0.0,0.0,S,170.0,南,1004.5,1003.8
KV,九澳,2026-06-04T01:05:00,28.2,89.0,26.2,16.2,9.4,0.0,0.0,0.0,SSW,193.0,西南偏南,1004.7,1001.4
MM,媽閣,2026-06-04T01:05:00,29.5,80.0,25.6,10.1,6.1,0.0,0.0,0.0,S,182.0,南,1004.8,1003.0
MN,澳門大橋北,2026-06-04T01:05:00,,,,26.3,17.6,,,,SSW,200.0,西南偏南,,
MS,澳門大橋南,2026-06-04T01:05:00,,,,18.7,12.2,,,,SSW,196.0,西南偏南,,
PE,外港,2026-06-04T01:05:00,29.4,81.0,25.7,18.0,14.4,0.0,0.0,0.0,S,167.0,南,1004.4,1002.5
PG,嘉樂庇總督大橋,2026-06-04T01:05:00,,,,17.6,12.6,,,,SSW,198.0,西南偏南,,
PL,蓮花大橋,2026-06-04T01:05:00,,,,16.6,11.2,,,,S,189.0,南,,
PN,友誼大橋北,2026-06-04T01:05:00,,,,15.8,11.9,,,,S,190.0,南,,
PS,友誼大橋南,2026-06-04T01:05:00,,,,16.9,12.2,,,,SSW,195.0,西南偏南,,
PV,西灣大橋,2026-06-04T01:05:00,,,,14.8,10.4,,,,S,184.0,南,,
TG,大潭山,2026-06-04T01:05:00,28.2,85.0,25.4,16.6,8.3,0.0,0.0,0.0,SSW,197.0,西南偏南,1004.6,991.7
UM,澳門大學,2026-06-04T01:05:00,29.2,82.0,25.9,12.2,5.4,0.0,0.0,0.0,SSW,206.0,西南偏南,1004.3,1003.6
DC,路環市區,2026-06-04T04:35:00,28.7,82.0,25.4,2.2,0.4,0.0,0.0,0.0,ESE,116.0,東南偏東,,
DP,紀念孫中山市政公園,2026-06-04T04:35:00,29.1,78.0,24.9,7.2,3.2,0.0,0.0,0.0,W,266.0,西,,
EM,黑沙環,2026-06-04T04:35:00,29.8,75.0,24.9,10.1,4.0,0.0,0.0,0.0,W,276.0,西,,
FM,大炮台,2026-06-04T04:35:00,29.0,78.0,24.7,9.7,4.3,0.0,0.0,0.0,SW,218.0,西南,,
JA,東亞運大馬路,2026-06-04T04:35:00,28.5,84.0,25.5,4.3,0.7,0.0,0.0,0.0,S,174.0,南,1003.6,1002.9
KV,九澳,2026-06-04T04:35:00,27.3,89.0,25.3,6.8,4.3,0.0,0.0,0.0,SSW,198.0,西南偏南,1003.8,1000.5
MM,媽閣,2026-06-04T04:35:00,29.0,79.0,25.1,9.0,6.1,0.0,0.0,0.0,SSW,192.0,西南偏南,1003.8,1002.0
MN,澳門大橋北,2026-06-04T04:35:00,,,,10.8,8.6,,,,SW,229.0,西南,,
MS,澳門大橋南,2026-06-04T04:35:00,,,,15.1,8.6,,,,SW,227.0,西南,,
PE,外港,2026-06-04T04:35:00,29.1,79.0,25.1,10.4,7.9,0.0,0.0,0.0,S,167.0,南,1003.4,1001.6
PG,嘉樂庇總督大橋,2026-06-04T04:35:00,,,,6.8,4.3,,,,SW,227.0,西南,,
PL,蓮花大橋,2026-06-04T04:35:00,,,,12.2,9.7,,,,WSW,241.0,西南偏西,,
PN,友誼大橋北,2026-06-04T04:35:00,,,,10.1,7.9,,,,SW,215.0,西南,,
PS,友誼大橋南,2026-06-04T04:35:00,,,,9.7,7.6,,,,WSW,240.0,西南偏西,,
PV,西灣大橋,2026-06-04T04:35:00,,,,11.5,9.0,,,,SW,235.0,西南,,
TG,大潭山,2026-06-04T04:35:00,27.8,85.0,25.0,9.7,6.8,0.0,0.0,0.0,SSW,206.0,西南偏南,1003.6,990.8
UM,澳門大學,2026-06-04T04:35:00,28.8,82.0,25.4,6.1,1.4,0.0,0.0,0.0,WSW,245.0,西南偏西,1003.3,1002.7
DC,路環市區,2026-06-04T06:15:00,28.6,84.0,25.7,2.9,1.1,0.0,0.0,0.0,W,263.0,西,,
DP,紀念孫中山市政公園,2026-06-04T06:15:00,29.1,79.0,25.0,7.2,3.6,0.0,0.0,0.0,SW,233.0,西南,,
EM,黑沙環,2026-06-04T06:15:00,29.9,75.0,25.0,11.2,5.4,0.0,0.0,0.0,NW,320.0,西北,,
FM,大炮台,2026-06-04T06:15:00,28.5,79.0,24.5,6.5,4.0,0.0,0.0,0.0,WNW,281.0,西北偏西,,
JA,東亞運大馬路,2026-06-04T06:15:00,28.3,84.0,25.3,0.0,0.0,0.0,0.0,0.0,SW,238.0,西南,1003.9,1003.2
KV,九澳,2026-06-04T06:15:00,27.4,90.0,25.5,7.6,4.7,0.0,0.0,0.0,WSW,241.0,西南偏西,1004.1,1000.9
MM,媽閣,2026-06-04T06:15:00,28.9,79.0,25.0,6.1,4.0,0.0,0.0,0.0,WNW,299.0,西北偏西,1004.1,1002.3
MN,澳門大橋北,2026-06-04T06:15:00,,,,11.2,9.7,,,,SW,237.0,西南,,
MS,澳門大橋南,2026-06-04T06:15:00,,,,12.2,9.4,,,,W,268.0,西,,
PE,外港,2026-06-04T06:15:00,29.3,77.0,25.0,12.6,6.5,0.0,0.0,0.0,W,269.0,西,1003.7,1001.8
PG,嘉樂庇總督大橋,2026-06-04T06:15:00,,,,5.8,4.7,,,,W,263.0,西,,
PL,蓮花大橋,2026-06-04T06:15:00,,,,5.0,2.9,,,,WSW,254.0,西南偏西,,
PN,友誼大橋北,2026-06-04T06:15:00,,,,8.6,6.5,,,,SW,227.0,西南,,
PS,友誼大橋南,2026-06-04T06:15:00,,,,9.4,7.2,,,,WSW,253.0,西南偏西,,
PV,西灣大橋,2026-06-04T06:15:00,,,,5.0,1.8,,,,WSW,256.0,西南偏西,,
TG,大潭山,2026-06-04T06:15:00,27.8,85.0,25.0,11.2,6.1,0.0,0.0,0.0,W,275.0,西,1003.9,991.1
UM,澳門大學,2026-06-04T06:15:00,28.4,84.0,25.5,3.2,0.4,0.0,0.0,0.0,W,261.0,西,1003.7,1003.0
DC,路環市區,2026-06-04T09:40:00,32.1,67.0,25.2,6.8,4.3,0.0,0.0,0.0,WSW,256.0,西南偏西,,
DP,紀念孫中山市政公園,2026-06-04T09:40:00,32.4,67.0,25.6,14.0,7.2,0.0,0.0,0.0,S,183.0,南,,
EM,黑沙環,2026-06-04T09:40:00,32.0,67.0,25.0,15.1,5.4,0.0,0.0,0.0,SSW,202.0,西南偏南,,
FM,大炮台,2026-06-04T09:40:00,32.1,64.0,24.5,17.6,8.3,0.0,0.0,0.0,WSW,240.0,西南偏西,,
JA,東亞運大馬路,2026-06-04T09:40:00,31.4,72.0,25.7,13.0,7.6,0.0,0.0,0.0,NW,321.0,西北,1004.6,1003.9
KV,九澳,2026-06-04T09:40:00,32.8,72.0,27.1,14.8,9.0,0.0,0.0,0.0,S,185.0,南,1004.8,1001.6
MM,媽閣,2026-06-04T09:40:00,31.6,67.0,24.6,14.4,6.5,0.0,0.0,0.0,SSW,209.0,西南偏南,1004.8,1003.0
MN,澳門大橋北,2026-06-04T09:40:00,,,,19.8,16.9,,,,SW,237.0,西南,,
MS,澳門大橋南,2026-06-04T09:40:00,,,,17.6,14.4,,,,W,269.0,西,,
PE,外港,2026-06-04T09:40:00,32.9,63.0,24.9,25.2,16.2,0.0,0.0,0.0,S,179.0,南,1004.3,1002.4
PG,嘉樂庇總督大橋,2026-06-04T09:40:00,,,,20.5,16.9,,,,SW,232.0,西南,,
PL,蓮花大橋,2026-06-04T09:40:00,,,,13.3,6.1,,,,W,266.0,西,,
PN,友誼大橋北,2026-06-04T09:40:00,,,,19.1,16.6,,,,SW,222.0,西南,,
PS,友誼大橋南,2026-06-04T09:40:00,,,,18.4,15.5,,,,WSW,248.0,西南偏西,,
PV,西灣大橋,2026-06-04T09:40:00,,,,23.0,18.7,,,,SW,235.0,西南,,
TG,大潭山,2026-06-04T09:40:00,30.9,74.0,25.8,11.9,5.4,0.0,0.0,0.0,WNW,292.0,西北偏西,1004.6,991.9
UM,澳門大學,2026-06-04T09:40:00,31.9,70.0,25.8,16.2,7.6,0.0,0.0,0.0,WNW,289.0,西北偏西,1004.4,1003.7
DC,路環市區,2026-06-04T14:45:00,33.6,66.0,26.5,9.0,4.7,0.0,0.0,0.0,S,170.0,南,,
DP,紀念孫中山市政公園,2026-06-04T14:45:00,35.1,59.0,25.8,15.8,7.9,0.0,0.0,0.0,SSW,207.0,西南偏南,,
EM,黑沙環,2026-06-04T14:45:00,34.2,60.0,25.3,18.0,10.4,0.0,0.0,0.0,SSW,197.0,西南偏南,,
FM,大炮台,2026-06-04T14:45:00,33.6,62.0,25.2,22.7,12.2,0.0,0.0,0.0,SW,221.0,西南,,
JA,東亞運大馬路,2026-06-04T14:45:00,33.2,69.0,26.7,23.8,10.4,0.0,0.0,0.0,SE,141.0,東南,1001.9,1001.2
KV,九澳,2026-06-04T14:45:00,33.3,69.0,26.8,28.4,17.6,0.0,0.0,0.0,SSW,197.0,西南偏南,1002.2,999.1
MM,媽閣,2026-06-04T14:45:00,33.9,62.0,25.4,18.7,11.9,0.0,0.0,0.0,S,189.0,南,1002.1,1000.2
MN,澳門大橋北,2026-06-04T14:45:00,,,,26.3,20.9,,,,S,184.0,南,,
MS,澳門大橋南,2026-06-04T14:45:00,,,,28.4,20.5,,,,SSW,195.0,西南偏南,,
PE,外港,2026-06-04T14:45:00,36.0,56.0,25.7,27.7,20.2,0.0,0.0,0.0,S,178.0,南,1001.5,999.7
PG,嘉樂庇總督大橋,2026-06-04T14:45:00,,,,20.5,15.1,,,,WSW,241.0,西南偏西,,
PL,蓮花大橋,2026-06-04T14:45:00,,,,33.1,29.2,,,,S,174.0,南,,
PN,友誼大橋北,2026-06-04T14:45:00,,,,20.2,16.2,,,,SW,220.0,西南,,
PS,友誼大橋南,2026-06-04T14:45:00,,,,25.2,16.6,,,,SSW,204.0,西南偏南,,
PV,西灣大橋,2026-06-04T14:45:00,,,,23.4,18.4,,,,WSW,241.0,西南偏西,,
TG,大潭山,2026-06-04T14:45:00,31.8,72.0,26.2,21.2,12.6,0.0,0.0,0.0,S,187.0,南,1001.9,989.3
UM,澳門大學,2026-06-04T14:45:00,32.0,73.0,26.6,25.9,18.7,0.0,0.0,0.0,S,170.0,南,1001.8,1001.1
DC,路環市區,2026-06-04T18:35:00,32.1,66.0,24.8,9.0,4.0,0.0,0.0,0.0,S,181.0,南,,
DP,紀念孫中山市政公園,2026-06-04T18:35:00,32.0,65.0,24.7,14.4,6.5,0.0,0.0,0.0,WSW,242.0,西南偏西,,
EM,黑沙環,2026-06-04T18:35:00,32.7,63.0,24.6,10.8,4.7,0.0,0.0,0.0,S,186.0,南,,
FM,大炮台,2026-06-04T18:35:00,31.6,65.0,24.1,18.0,9.7,0.0,0.0,0.0,SSW,204.0,西南偏南,,
JA,東亞運大馬路,2026-06-04T18:35:00,31.7,68.0,25.0,8.6,3.2,0.0,0.0,0.0,SSE,159.0,東南偏南,1002.4,1001.7
KV,九澳,2026-06-04T18:35:00,30.4,75.0,25.4,18.0,10.1,0.0,0.0,0.0,SSW,201.0,西南偏南,1002.6,999.4
MM,媽閣,2026-06-04T18:35:00,32.1,65.0,24.8,17.3,9.0,0.0,0.0,0.0,SSW,196.0,西南偏南,1002.6,1000.8
MN,澳門大橋北,2026-06-04T18:35:00,,,,26.3,20.5,,,,SSW,199.0,西南偏南,,
MS,澳門大橋南,2026-06-04T18:35:00,,,,25.9,18.0,,,,SSW,209.0,西南偏南,,
PE,外港,2026-06-04T18:35:00,32.6,63.0,24.6,19.8,11.2,0.0,0.0,0.0,S,190.0,南,1002.1,1000.3
PG,嘉樂庇總督大橋,2026-06-04T18:35:00,,,,24.1,14.4,,,,SW,232.0,西南,,
PL,蓮花大橋,2026-06-04T18:35:00,,,,23.8,13.3,,,,S,190.0,南,,
PN,友誼大橋北,2026-06-04T18:35:00,,,,12.2,9.7,,,,SSW,204.0,西南偏南,,
PS,友誼大橋南,2026-06-04T18:35:00,,,,19.1,12.6,,,,SSW,194.0,西南偏南,,
PV,西灣大橋,2026-06-04T18:35:00,,,,21.2,16.2,,,,SW,233.0,西南,,
TG,大潭山,2026-06-04T18:35:00,30.2,70.0,24.2,20.9,9.7,0.0,0.0,0.0,SSW,201.0,西南偏南,1002.4,989.6
UM,澳門大學,2026-06-04T18:35:00,31.4,67.0,24.5,17.6,9.7,0.0,0.0,0.0,SW,217.0,西南,1002.3,1001.6
DC,路環市區,2026-06-04T22:00:00,30.6,81.0,26.9,7.6,2.9,0.0,0.0,0.0,SSE,159.0,東南偏南,,
DP,紀念孫中山市政公園,2026-06-04T22:00:00,30.4,80.0,26.6,15.5,6.8,0.0,0.0,0.0,WSW,241.0,西南偏西,,
EM,黑沙環,2026-06-04T22:00:00,30.9,78.0,26.6,20.2,7.2,0.0,0.0,0.0,S,189.0,南,,
FM,大炮台,2026-06-04T22:00:00,30.1,80.0,26.3,19.8,10.8,0.0,0.0,0.0,SSW,209.0,西南偏南,,
JA,東亞運大馬路,2026-06-04T22:00:00,30.2,81.0,26.5,13.0,5.4,0.0,0.0,0.0,S,174.0,南,1004.3,1003.6
KV,九澳,2026-06-04T22:00:00,29.3,86.0,26.8,22.0,11.2,0.0,0.0,0.0,SW,213.0,西南,1004.4,1001.2
MM,媽閣,2026-06-04T22:00:00,30.3,81.0,26.6,21.2,13.0,0.0,0.0,0.0,SSW,200.0,西南偏南,1004.5,1002.7
MN,澳門大橋北,2026-06-04T22:00:00,,,,24.8,19.4,,,,SW,228.0,西南,,
MS,澳門大橋南,2026-06-04T22:00:00,,,,25.9,17.6,,,,SSW,205.0,西南偏南,,
PE,外港,2026-06-04T22:00:00,30.3,80.0,26.5,31.0,16.9,0.0,0.0,0.0,S,184.0,南,1004.0,1002.1
PG,嘉樂庇總督大橋,2026-06-04T22:00:00,,,,26.3,19.1,,,,SW,228.0,西南,,
PL,蓮花大橋,2026-06-04T22:00:00,,,,18.0,9.0,,,,SW,215.0,西南,,
PN,友誼大橋北,2026-06-04T22:00:00,,,,27.0,20.2,,,,SW,223.0,西南,,
PS,友誼大橋南,2026-06-04T22:00:00,,,,28.1,22.3,,,,SW,238.0,西南,,
PV,西灣大橋,2026-06-04T22:00:00,,,,28.8,20.9,,,,SW,233.0,西南,,
TG,大潭山,2026-06-04T22:00:00,28.9,86.0,26.4,20.2,11.9,0.0,0.0,0.0,SSW,199.0,西南偏南,1004.2,991.4
UM,澳門大學,2026-06-04T22:00:00,30.1,82.0,26.7,19.1,11.5,0.0,0.0,0.0,SW,211.0,西南,1004.1,1003.4
DC,路環市區,2026-06-05T01:15:00,30.1,84.0,27.2,15.5,5.8,0.0,0.0,0.0,SSW,196.0,西南偏南,,
DP,紀念孫中山市政公園,2026-06-05T01:15:00,30.1,80.0,26.3,12.6,5.0,0.0,0.0,0.0,W,265.0,西,,
EM,黑沙環,2026-06-05T01:15:00,30.5,80.0,26.5,16.6,6.5,0.0,0.0,0.0,WNW,286.0,西北偏西,,
FM,大炮台,2026-06-05T01:15:00,29.9,80.0,26.0,18.0,10.8,0.0,0.0,0.0,SW,225.0,西南,,
JA,東亞運大馬路,2026-06-05T01:15:00,29.7,86.0,27.0,11.9,3.2,0.0,0.0,0.0,SSW,191.0,西南偏南,1004.1,1003.4
KV,九澳,2026-06-05T01:15:00,29.2,88.0,27.0,19.8,11.5,0.0,0.0,0.0,SSW,208.0,西南偏南,1004.2,1001.0
MM,媽閣,2026-06-05T01:15:00,30.1,80.0,26.3,21.6,13.0,0.0,0.0,0.0,SSW,199.0,西南偏南,1004.3,1002.4
MN,澳門大橋北,2026-06-05T01:15:00,,,,27.4,22.3,,,,SW,226.0,西南,,
MS,澳門大橋南,2026-06-05T01:15:00,,,,28.1,17.6,,,,SW,230.0,西南,,
PE,外港,2026-06-05T01:15:00,29.9,84.0,26.9,20.2,9.0,0.0,0.0,0.0,S,163.0,南,1003.9,1002.0
PG,嘉樂庇總督大橋,2026-06-05T01:15:00,,,,23.0,15.8,,,,SW,230.0,西南,,
PL,蓮花大橋,2026-06-05T01:15:00,,,,17.6,12.6,,,,SW,229.0,西南,,
PN,友誼大橋北,2026-06-05T01:15:00,,,,23.0,18.0,,,,SW,224.0,西南,,
PS,友誼大橋南,2026-06-05T01:15:00,,,,31.7,25.2,,,,SW,233.0,西南,,
PV,西灣大橋,2026-06-05T01:15:00,,,,28.8,21.6,,,,SW,235.0,西南,,
TG,大潭山,2026-06-05T01:15:00,28.8,87.0,26.5,25.6,13.3,0.0,0.0,0.0,SSW,208.0,西南偏南,1004.0,991.2
UM,澳門大學,2026-06-05T01:15:00,30.0,82.0,26.5,20.2,9.7,0.0,0.0,0.0,SW,234.0,西南,1003.9,1003.2
DC,路環市區,2026-06-05T03:40:00,30.0,82.0,26.6,13.3,5.4,0.0,0.0,0.0,SSW,196.0,西南偏南,,
DP,紀念孫中山市政公園,2026-06-05T03:40:00,30.1,81.0,26.5,11.5,6.1,0.0,0.0,0.0,SW,226.0,西南,,
EM,黑沙環,2026-06-05T03:40:00,30.4,79.0,26.4,12.6,6.8,0.0,0.0,0.0,NW,303.0,西北,,
FM,大炮台,2026-06-05T03:40:00,29.8,81.0,26.1,15.1,7.9,0.0,0.0,0.0,SW,228.0,西南,,
JA,東亞運大馬路,2026-06-05T03:40:00,29.7,84.0,26.7,10.4,5.4,0.0,0.0,0.0,S,181.0,南,1003.9,1003.2
KV,九澳,2026-06-05T03:40:00,29.0,87.0,26.6,18.4,10.4,0.0,0.0,0.0,SSW,207.0,西南偏南,1004.1,1000.9
MM,媽閣,2026-06-05T03:40:00,29.9,81.0,26.3,16.6,9.7,0.0,0.0,0.0,SSW,204.0,西南偏南,1004.1,1002.2
MN,澳門大橋北,2026-06-05T03:40:00,,,,27.0,21.2,,,,SW,225.0,西南,,
MS,澳門大橋南,2026-06-05T03:40:00,,,,26.3,15.1,,,,SW,219.0,西南,,
PE,外港,2026-06-05T03:40:00,29.8,82.0,26.5,18.4,11.5,0.0,0.0,0.0,S,164.0,南,1003.7,1001.8
PG,嘉樂庇總督大橋,2026-06-05T03:40:00,,,,15.5,10.8,,,,SW,225.0,西南,,
PL,蓮花大橋,2026-06-05T03:40:00,,,,19.8,13.0,,,,SW,222.0,西南,,
PN,友誼大橋北,2026-06-05T03:40:00,,,,20.5,15.8,,,,SW,217.0,西南,,
PS,友誼大橋南,2026-06-05T03:40:00,,,,26.6,20.5,,,,SW,231.0,西南,,
PV,西灣大橋,2026-06-05T03:40:00,,,,22.3,16.6,,,,SW,230.0,西南,,
TG,大潭山,2026-06-05T03:40:00,28.8,85.0,26.1,17.6,7.9,0.0,0.0,0.0,SW,211.0,西南,1003.9,991.1
UM,澳門大學,2026-06-05T03:40:00,29.9,80.0,26.1,20.2,11.9,0.0,0.0,0.0,SW,222.0,西南,1003.8,1003.1
DC,路環市區,2026-06-05T05:45:00,29.6,83.0,26.3,3.6,1.1,0.0,0.0,0.0,SW,213.0,西南,,
DP,紀念孫中山市政公園,2026-06-05T05:45:00,29.7,82.0,26.4,9.0,3.6,0.0,0.0,0.0,WSW,259.0,西南偏西,,
EM,黑沙環,2026-06-05T05:45:00,30.4,79.0,26.3,16.6,7.9,0.0,0.0,0.0,NW,319.0,西北,,
FM,大炮台,2026-06-05T05:45:00,29.3,83.0,26.1,16.2,7.9,0.0,0.0,0.0,W,271.0,西,,
JA,東亞運大馬路,2026-06-05T05:45:00,29.4,84.0,26.4,6.5,0.7,0.0,0.0,0.0,WSW,254.0,西南偏西,1004.3,1003.6
KV,九澳,2026-06-05T05:45:00,28.5,88.0,26.3,11.2,5.8,0.0,0.0,0.0,SW,230.0,西南,1004.5,1001.3
MM,媽閣,2026-06-05T05:45:00,29.8,82.0,26.4,10.8,5.4,0.0,0.0,0.0,WSW,241.0,西南偏西,1004.6,1002.7
MN,澳門大橋北,2026-06-05T05:45:00,,,,14.4,11.2,,,,WSW,251.0,西南偏西,,
MS,澳門大橋南,2026-06-05T05:45:00,,,,22.3,15.1,,,,WSW,249.0,西南偏西,,
PE,外港,2026-06-05T05:45:00,29.9,81.0,26.3,11.5,6.1,0.0,0.0,0.0,S,175.0,南,1004.2,1002.3
PG,嘉樂庇總督大橋,2026-06-05T05:45:00,,,,18.7,16.2,,,,WSW,248.0,西南偏西,,
PL,蓮花大橋,2026-06-05T05:45:00,,,,10.1,6.8,,,,WSW,244.0,西南偏西,,
PN,友誼大橋北,2026-06-05T05:45:00,,,,13.7,9.7,,,,SW,232.0,西南,,
PS,友誼大橋南,2026-06-05T05:45:00,,,,15.1,12.6,,,,WSW,256.0,西南偏西,,
PV,西灣大橋,2026-06-05T05:45:00,,,,20.2,17.3,,,,WSW,243.0,西南偏西,,
TG,大潭山,2026-06-05T05:45:00,28.6,85.0,25.9,17.3,3.6,0.0,0.0,0.0,SSW,195.0,西南偏南,1004.4,991.6
UM,澳門大學,2026-06-05T05:45:00,29.3,83.0,26.1,7.9,3.6,0.0,0.0,0.0,SW,225.0,西南,1004.1,1003.4
DC,路環市區,2026-06-05T07:15:00,30.1,82.0,26.7,6.8,2.9,0.0,0.0,0.0,WNW,282.0,西北偏西,,
DP,紀念孫中山市政公園,2026-06-05T07:15:00,30.1,82.0,26.7,6.5,2.9,0.0,0.0,0.0,SW,234.0,西南,,
EM,黑沙環,2026-06-05T07:15:00,30.5,78.0,26.3,10.4,5.4,0.0,0.0,0.0,NW,326.0,西北,,
FM,大炮台,2026-06-05T07:15:00,29.6,82.0,26.1,6.8,3.6,0.0,0.0,0.0,WNW,291.0,西北偏西,,
JA,東亞運大馬路,2026-06-05T07:15:00,30.2,82.0,26.8,9.4,2.5,0.0,0.0,0.0,SW,231.0,西南,1004.6,1003.9
KV,九澳,2026-06-05T07:15:00,29.7,85.0,26.9,13.0,6.5,0.0,0.0,0.0,SW,233.0,西南,1004.8,1001.6
MM,媽閣,2026-06-05T07:15:00,30.1,81.0,26.5,9.4,4.7,0.0,0.0,0.0,SW,217.0,西南,1004.9,1003.0
MN,澳門大橋北,2026-06-05T07:15:00,,,,9.0,7.2,,,,WSW,257.0,西南偏西,,
MS,澳門大橋南,2026-06-05T07:15:00,,,,11.9,5.8,,,,W,260.0,西,,
PE,外港,2026-06-05T07:15:00,30.2,81.0,26.5,14.4,6.5,0.0,0.0,0.0,S,172.0,南,1004.5,1002.6
PG,嘉樂庇總督大橋,2026-06-05T07:15:00,,,,7.2,5.4,,,,W,273.0,西,,
PL,蓮花大橋,2026-06-05T07:15:00,,,,13.0,7.2,,,,WSW,244.0,西南偏西,,
PN,友誼大橋北,2026-06-05T07:15:00,,,,9.4,7.2,,,,SW,239.0,西南,,
PS,友誼大橋南,2026-06-05T07:15:00,,,,9.7,7.6,,,,W,260.0,西,,
PV,西灣大橋,2026-06-05T07:15:00,,,,11.2,8.3,,,,WSW,251.0,西南偏西,,
TG,大潭山,2026-06-05T07:15:00,29.3,85.0,26.6,6.5,0.4,0.0,0.0,0.0,SW,224.0,西南,1004.7,991.9
UM,澳門大學,2026-06-05T07:15:00,30.4,81.0,26.8,11.2,4.7,0.0,0.0,0.0,W,272.0,西,1004.4,1003.7
DC,路環市區,2026-06-05T09:45:00,32.3,74.0,27.1,14.0,6.1,0.0,0.0,0.0,WSW,257.0,西南偏西,,
DP,紀念孫中山市政公園,2026-06-05T09:45:00,33.0,69.0,26.6,12.6,5.8,0.0,0.0,0.0,W,274.0,西,,
EM,黑沙環,2026-06-05T09:45:00,33.0,67.0,26.0,11.9,5.4,0.0,0.0,0.0,WNW,292.0,西北偏西,,
FM,大炮台,2026-06-05T09:45:00,32.6,67.0,25.6,17.6,9.7,0.0,0.0,0.0,WSW,247.0,西南偏西,,
JA,東亞運大馬路,2026-06-05T09:45:00,32.8,70.0,26.7,11.2,6.1,0.0,0.0,0.0,WNW,287.0,西北偏西,1005.7,1005.0
KV,九澳,2026-06-05T09:45:00,33.6,68.0,26.9,18.0,9.7,0.0,0.0,0.0,SW,221.0,西南,1005.9,1002.7
MM,媽閣,2026-06-05T09:45:00,32.4,68.0,25.7,19.8,9.4,0.0,0.0,0.0,W,267.0,西,1005.9,1004.1
MN,澳門大橋北,2026-06-05T09:45:00,,,,16.6,14.4,,,,SW,234.0,西南,,
MS,澳門大橋南,2026-06-05T09:45:00,,,,14.4,11.5,,,,WSW,258.0,西南偏西,,
PE,外港,2026-06-05T09:45:00,33.0,66.0,25.8,21.6,12.6,0.0,0.0,0.0,SW,226.0,西南,1005.5,1003.6
PG,嘉樂庇總督大橋,2026-06-05T09:45:00,,,,19.1,14.8,,,,WSW,243.0,西南偏西,,
PL,蓮花大橋,2026-06-05T09:45:00,,,,20.5,13.7,,,,SW,226.0,西南,,
PN,友誼大橋北,2026-06-05T09:45:00,,,,22.3,15.1,,,,SW,223.0,西南,,
PS,友誼大橋南,2026-06-05T09:45:00,,,,17.6,12.6,,,,WSW,250.0,西南偏西,,
PV,西灣大橋,2026-06-05T09:45:00,,,,22.0,16.6,,,,WSW,242.0,西南偏西,,
TG,大潭山,2026-06-05T09:45:00,32.1,73.0,26.5,13.0,4.3,0.0,0.0,0.0,WNW,298.0,西北偏西,1005.6,992.9
UM,澳門大學,2026-06-05T09:45:00,,,,,,,0.0,0.0,---,,---,,
DC,路環市區,2026-06-05T14:35:00,34.3,71.0,28.2,14.0,7.2,0.0,0.0,0.4,SSW,197.0,西南偏南,,
DP,紀念孫中山市政公園,2026-06-05T14:35:00,34.0,68.0,27.2,10.1,3.6,0.0,0.0,0.0,SSW,203.0,西南偏南,,
EM,黑沙環,2026-06-05T14:35:00,34.1,67.0,27.2,12.6,6.5,0.0,0.0,0.0,S,188.0,南,,
FM,大炮台,2026-06-05T14:35:00,34.3,65.0,26.8,15.8,8.3,0.0,0.0,0.0,SSW,210.0,西南偏南,,
JA,東亞運大馬路,2026-06-05T14:35:00,34.1,73.0,28.5,16.6,7.9,0.0,0.0,0.0,SE,146.0,東南,1002.8,1002.2
KV,九澳,2026-06-05T14:35:00,33.8,73.0,28.4,31.0,18.0,0.0,0.0,0.0,SSW,199.0,西南偏南,1003.2,1000.0
MM,媽閣,2026-06-05T14:35:00,33.7,69.0,27.2,21.2,13.3,0.0,0.0,0.0,SSW,198.0,西南偏南,1003.1,1001.2
MN,澳門大橋北,2026-06-05T14:35:00,,,,28.1,22.0,,,,SSW,198.0,西南偏南,,
MS,澳門大橋南,2026-06-05T14:35:00,,,,25.6,20.2,,,,SSW,197.0,西南偏南,,
PE,外港,2026-06-05T14:35:00,34.0,69.0,27.6,26.3,22.0,0.0,0.0,0.0,S,175.0,南,1002.5,1000.7
PG,嘉樂庇總督大橋,2026-06-05T14:35:00,,,,19.4,12.6,,,,S,182.0,南,,
PL,蓮花大橋,2026-06-05T14:35:00,,,,31.7,26.6,,,,S,176.0,南,,
PN,友誼大橋北,2026-06-05T14:35:00,,,,25.6,19.4,,,,S,182.0,南,,
PS,友誼大橋南,2026-06-05T14:35:00,,,,24.1,17.6,,,,S,190.0,南,,
PV,西灣大橋,2026-06-05T14:35:00,,,,23.0,18.4,,,,SW,231.0,西南,,
TG,大潭山,2026-06-05T14:35:00,32.3,77.0,27.6,20.5,11.2,0.0,0.0,0.0,SSW,205.0,西南偏南,1003.1,990.5
UM,澳門大學,2026-06-05T14:35:00,32.9,76.0,28.0,27.7,17.6,0.0,0.0,0.0,S,186.0,南,1002.7,1002.0
DC,路環市區,2026-06-05T18:30:00,29.3,76.0,24.7,14.0,6.8,0.0,0.0,0.4,N,350.0,北,,
DP,紀念孫中山市政公園,2026-06-05T18:30:00,26.8,91.0,25.2,11.2,2.5,0.0,3.4,3.6,WNW,298.0,西北偏西,,
EM,黑沙環,2026-06-05T18:30:00,28.7,77.0,24.2,5.8,1.8,0.0,6.2,6.2,ENE,60.0,東北偏東,,
FM,大炮台,2026-06-05T18:30:00,27.6,81.0,24.1,11.5,6.1,0.0,3.2,3.2,NNW,340.0,西北偏北,,
JA,東亞運大馬路,2026-06-05T18:30:00,28.6,80.0,24.9,13.0,9.0,0.0,0.0,0.2,NNW,335.0,西北偏北,1003.8,1003.1
KV,九澳,2026-06-05T18:30:00,26.0,94.0,24.9,18.0,9.7,0.0,2.4,2.4,NNW,340.0,西北偏北,1003.9,1000.6
MM,媽閣,2026-06-05T18:30:00,28.8,77.0,24.4,12.6,7.2,0.0,0.0,0.0,NW,325.0,西北,1004.1,1002.2
MN,澳門大橋北,2026-06-05T18:30:00,,,,16.9,11.2,,,,NW,320.0,西北,,
MS,澳門大橋南,2026-06-05T18:30:00,,,,17.3,14.0,,,,NW,315.0,西北,,
PE,外港,2026-06-05T18:30:00,28.4,79.0,24.4,12.6,7.2,0.0,1.4,1.4,WNW,287.0,西北偏西,1003.4,1001.5
PG,嘉樂庇總督大橋,2026-06-05T18:30:00,,,,13.3,7.2,,,,NW,310.0,西北,,
PL,蓮花大橋,2026-06-05T18:30:00,,,,23.4,14.0,,,,NNW,336.0,西北偏北,,
PN,友誼大橋北,2026-06-05T18:30:00,,,,13.7,9.4,,,,NW,315.0,西北,,
PS,友誼大橋南,2026-06-05T18:30:00,,,,14.8,11.5,,,,NNW,332.0,西北偏北,,
PV,西灣大橋,2026-06-05T18:30:00,,,,11.2,4.7,,,,NNW,344.0,西北偏北,,
TG,大潭山,2026-06-05T18:30:00,27.0,86.0,24.5,16.2,10.8,0.0,0.0,0.0,NW,328.0,西北,1003.6,990.7
UM,澳門大學,2026-06-05T18:30:00,28.9,79.0,24.9,16.2,9.7,0.0,0.6,0.6,NW,314.0,西北,1003.5,1002.8
